openalex_id,doi,label_included,label_abstract_included
,https://doi.org/10.3389/fmars.2019.00775,1,1
,https://doi.org/10.22323/2.19030304,1,1
,https://doi.org/10.1016/j.crm.2018.01.001,1,1
,https://doi.org/10.3390/su12062323,1,1
,https://doi.org/10.1016/j.jenvman.2018.06.020,1,1
,https://doi.org/10.1007/s10584-021-03224-8,1,1
,https://doi.org/10.1080/15487733.2020.1789268,1,1
,https://doi.org/10.1080/13549839.2017.1391188,0,1
,https://doi.org/10.1016/j.polgeo.2018.09.006,0,1
,https://doi.org/10.3390/su14031804,0,1
,https://doi.org/10.18848/1835-7156/CGP/V09I03/1-9,0,1
,https://doi.org/10.5408/16-220.1,0,1
,https://doi.org/10.1177/09567976211007788,0,1
,https://doi.org/10.1177/1075547017697980,0,1
,https://doi.org/10.1111/ssqu.12843,0,1
,https://doi.org/10.1080/14606925.2017.1352687,0,1
,https://doi.org/10.1007/s10584-016-1678-1,0,1
,https://doi.org/10.1111/psj.12072,0,1
,https://doi.org/10.1080/17524032.2016.1176946,0,1
,https://doi.org/10.1080/10899995.2021.1949693,0,1
,https://doi.org/10.1016/j.jenvp.2017.03.010,0,1
,https://doi.org/10.1007/s13412-021-00718-w,0,1
,https://doi.org/10.14512/gaia.30.3.9,0,1
,https://doi.org/10.1007/s00267-019-01247-7,0,1
,https://doi.org/10.1007/s10584-021-03200-2,0,1
,https://doi.org/10.1016/j.erss.2018.06.023,0,1
,https://doi.org/10.1007/s10584-019-02609-0,0,1
,https://doi.org/10.1177/0002716214559002,0,1
,https://doi.org/10.1177/0963662519833903,0,1
,https://doi.org/10.1029/2018GH000154,0,1
,,0,1
,https://doi.org/10.1175/BAMS-D-17-0332.1,0,1
,https://doi.org/10.3389/feduc.2019.00138,0,1
,https://doi.org/10.5751/ES-08626-210330,0,1
,https://doi.org/1037//0033-2909.I26.1.78,0,1
,https://doi.org/10.1088/1748-9326/abd4ac,0,1
,,0,1
,,0,1
,https://doi.org/10.22323/2.18020203,0,1
,https://doi.org/10.1016/j.gloenvcha.2018.02.007,0,1
,https://doi.org/10.3389/fmars.2019.00349,0,1
,https://doi.org/10.1073/pnas.1803726115,0,1
,https://doi.org/10.1080/08920753.2013.803926,0,1
,https://doi.org/10.1080/17524032.2017.1291101,0,1
,https://doi.org/10.3758/s13421-019-00948-y,0,1
,https://doi.org/10.1080/17524032.2021.1913208,0,1
,https://doi.org/10.1080/17524032.2019.1610022,0,1
,https://doi.org/10.1177/1075547019870811,0,1
,https://doi.org/10.1111/risa.12601,0,1
,https://doi.org/10.3389/fpos.2021.606829,0,1
,https://doi.org/10.1088/1748-9326/10/3/034004,0,1
,https://doi.org/10.1080/13504622.2020.1828834,0,1
,https://doi.org/10.1371/journal.pone.0157658,0,1
,,0,1
,https://doi.org/10.1177/1748048516655728,0,1
,https://doi.org/10.1177/0963662516628477,0,1
,,0,1
,https://doi.org/10.1111/j.1539-6924.2012.01771.x,0,1
,https://doi.org/10.1007/s10584-021-03219-5,0,1
,https://doi.org/10.1016/j.erss.2015.05.008,0,1
,https://doi.org/10.1080/02650487.2020.1807230,0,1
,https://doi.org/10.1016/j.entcom.2014.10.007,0,1
,https://doi.org/10.1080/08920753.2017.1327344,0,1
,https://doi.org/10.1016/j.jarmac.2021.10.002,0,1
,https://doi.org/10.3389/fcomm.2021.586297,0,1
,https://doi.org/10.1088/1748-9326/ac5715,0,0
,https://doi.org/10.1080/21550085.2020.1864800,0,0
,https://doi.org/10.17645/mac.v8i1.2495,0,0
,https://doi.org/10.1080/17524032.2016.1149086,0,0
,https://doi.org/10.1080/15405702.2021.1994576,0,0
,https://doi.org/10.1177/0963662514565332,0,0
,https://doi.org/10.1080/15205436.2016.1183029,0,0
,https://doi.org/10.1080/13669877.2016.1148067,0,0
,https://doi.org/10.1016/j.gloenvcha.2019.101992,0,0
,https://doi.org/10.1016/j.gloenvcha.2020.102038,0,0
,https://doi.org/10.1080/17524032.2017.1406385,0,0
,https://doi.org/10.1111/tops.12215,0,0
,https://doi.org/10.1016/j.envsci.2016.08.007,0,0
,https://doi.org/10.1080/10810730.2020.1785060,0,0
,https://doi.org/10.1080/17524032.2017.1400454,0,0
,https://doi.org/10.3390/su14020926,0,0
,https://doi.org/10.1080/17524032.2020.1799836,0,0
,https://doi.org/10.1007/s13412-021-00744-8,0,0
,https://doi.org/10.1080/13504622.2020.1838447,0,0
,https://doi.org/10.1016/j.gecco.2017.12.001,0,0
,https://doi.org/10.1007/s11422-020-09989-1,0,0
,https://doi.org/10.1016/B978-0-12-813130-5.00005-9,0,0
,https://doi.org/10.16995/olh.569,0,0
,https://doi.org/10.1080/17565529.2020.1763237,0,0
,https://doi.org/10.3389/fmars.2021.812216,0,0
,https://doi.org/10.1007/s10584-017-1952-x,0,0
,https://doi.org/10.1089/SUS.2015.29023,0,0
,https://doi.org/10.3389/fenvs.2021.662947,0,0
,https://doi.org/10.1016/j.cognition.2021.104768,0,0
,https://doi.org/10.3389/fclim.2021.751310,0,0
,https://doi.org/10.1126/science.1245724,0,0
,https://doi.org/10.1073/pnas.1912441117,0,0
,https://doi.org/10.1515/jcde-2020-0007,0,0
,https://doi.org/10.1108/IJDRBE-07-2013-0028,0,0
,https://doi.org/10.1080/10549811.2013.817338,0,0
,https://doi.org/10.1016/j.erss.2018.08.025,0,0
,https://doi.org/10.1016/j.cliser.2019.100137,0,0
,https://doi.org/10.1038/s41560-020-00762-w,0,0
,https://doi.org/10.3389/fcomm.2020.00059,0,0
,https://doi.org/10.1177/0091450915570308,0,0
,https://doi.org/10.1108/IJCCSM-01-2020-0010,0,0
,https://doi.org/10.1111/soin.12394,0,0
,https://doi.org/10.5334/aogh.2900,0,0
,https://doi.org/10.1111/camh.12520,0,0
,https://doi.org/10.3390/su132413871,0,0
,https://doi.org/10.1175/BAMS-D-13-00172.1,0,0
,https://doi.org/10.1177/1075547012438465,0,0
,,0,0
,https://doi.org/10.1016/j.geoforum.2017.01.012,0,0
,https://doi.org/10.3390/cli8030038,0,0
,https://doi.org/10.1080/23311886.2019.1625101,0,0
,https://doi.org/10.1016/j.geomorph.2015.07.043,0,0
,https://doi.org/10.1007/s11069-018-3420-y,0,0
,https://doi.org/10.1007/s10584-021-03186-x,0,0
,https://doi.org/10.1071/RJ18023,0,0
,https://doi.org/10.1016/j.scitotenv.2018.04.050,0,0
,https://doi.org/10.1080/08838151.2021.1923716,0,0
,https://doi.org/10.2424/ASTSN.M.2012.22,0,0
,https://doi.org/10.5334/aogh.2647,0,0
,https://doi.org/10.1111/cobi.13378,0,0
,https://doi.org/10.3390/su13063406,0,0
,https://doi.org/10.1080/17524032.2021.1942117,0,0
,,0,0
,https://doi.org/10.1007/s10584-021-03218-6,0,0
,https://doi.org/10.1016/j.landusepol.2020.105268,0,0
,https://doi.org/10.1525/elementa.390,0,0
,https://doi.org/10.3390/su8040315,0,0
,https://doi.org/10.1016/j.gloenvcha.2013.06.001,0,0
,https://doi.org/10.1002/met.1366,0,0
,https://doi.org/10.1016/j.scs.2019.101888,0,0
,https://doi.org/10.1073/pnas.1212729110,0,0
,https://doi.org/10.1080/20964471.2021.1936943,0,0
,https://doi.org/10.1037/a0040437,0,0
,https://doi.org/10.1080/08941920.2014.929768,0,0
,https://doi.org/10.1175/WCAS-D-17-0025.1,0,0
,,0,0
,https://doi.org/10.1080/10357718.2015.1056514,0,0
,https://doi.org/10.1177/19400829211028127,0,0
,https://doi.org/10.1002/mar.21302,0,0
,,0,0
,https://doi.org/10.1080/17524032.2015.1094103,0,0
,https://doi.org/10.1007/s11191-020-00156-0,0,0
,https://doi.org/10.3167/nc.2012.070203,0,0
,,0,0
,https://doi.org/10.1007/s10584-019-02557-9,0,0
,https://doi.org/10.1371/journal.pone.0159885,0,0
,https://doi.org/10.5194/sd-16-21-2013,0,0
,https://doi.org/10.5194/we-15-49-2015,0,0
,https://doi.org/10.1111/bioe.12110,0,0
,https://doi.org/10.1080/17524032.2017.1308406,0,0
,https://doi.org/10.1177/0093650211416646,0,0
,https://doi.org/10.1177/1075547019848766,0,0
,https://doi.org/10.1177/1075547015611131,0,0
,https://doi.org/10.1016/j.gloenvcha.2014.12.011,0,0
,https://doi.org/10.1177/1075547014560828,0,0
,https://doi.org/10.1007/s10745-020-00186-w,0,0
,,0,0
,https://doi.org/10.1073/pnas.1212740110,0,0
,https://doi.org/10.1002/pld3.316,0,0
,https://doi.org/10.1108/17568691311327604,0,0
,https://doi.org/10.1016/j.wace.2015.10.003,0,0
,https://doi.org/10.1144/SP499-2019-215,0,0
,https://doi.org/10.1080/09644016.2016.1244967,0,0
,https://doi.org/10.1002/sce.21581,0,0
,https://doi.org/10.1080/17524032.2018.1557726,0,0
,https://doi.org/10.1016/j.coal.2016.06.009,0,0
,https://doi.org/10.1016/j.wri.2013.03.003,0,0
,https://doi.org/10.1016/j.ijggc.2018.07.030,0,0
,https://doi.org/10.1016/j.enpol.2013.08.079,0,0
,https://doi.org/10.1016/j.landusepol.2013.09.021,0,0
,https://doi.org/10.1080/14693062.2021.1947766,0,0
,https://doi.org/10.1080/24694452.2020.1768822,0,0
,https://doi.org/10.1080/17524032.2020.1746680,0,0
,https://doi.org/10.2112/SI65-175.1,0,0
,https://doi.org/10.1080/17524032.2012.753634,0,0
,,0,0
,https://doi.org/10.1016/j.gloenvcha.2012.12.012,0,0
,https://doi.org/10.1016/j.scitotenv.2021.149605,0,0
,https://doi.org/10.1016/j.jclepro.2018.10.164,0,0
,https://doi.org/10.1177/2393957520936884,0,0
,https://doi.org/10.18280/ijsdp.150504,0,0
,,0,0
,https://doi.org/10.1016/S2095-3119(17)61753-2,0,0
,https://doi.org/10.1016/j.jenvman.2013.08.038,0,0
,,0,0
,https://doi.org/10.3389/fpsyg.2021.644240,0,0
,https://doi.org/10.22323/2.20030209,0,0
,https://doi.org/10.1007/s10669-018-9683-8,0,0
,https://doi.org/10.1002/wcc.410,0,0
,https://doi.org/10.5849/jof.14-148,0,0
,https://doi.org/10.5840/eps201956115,0,0
,https://doi.org/10.1016/j.gloenvcha.2015.07.005,0,0
,https://doi.org/10.1007/s10584-013-0707-6,0,0
,https://doi.org/10.46754/jssm.2020.10.013,0,0
,https://doi.org/10.3390/su10051509,0,0
,https://doi.org/10.1080/17524032.2021.1910530,0,0
,https://doi.org/10.1027/1864-1105/a000080,0,0
,https://doi.org/10.1007/s13384-014-0156-x,0,0
,https://doi.org/10.1007/s10584-021-03101-4,0,0
,https://doi.org/10.1016/j.jenvp.2018.09.002,0,0
,https://doi.org/10.1016/j.envsci.2014.07.010,0,0
,https://doi.org/10.2298/CSIS180601015G,0,0
,https://doi.org/10.3390/su10051687,0,0
,https://doi.org/10.1002/wcc.258,0,0
,https://doi.org/10.1111/j.1539-6924.2012.01856.x,0,0
,https://doi.org/10.3390/su12197990,0,0
,https://doi.org/10.1080/23251042.2021.1960098,0,0
,https://doi.org/10.1177/2158244015579723,0,0
,https://doi.org/10.22323/2.18040202,0,0
,https://doi.org/10.1016/j.eja.2015.11.011,0,0
,https://doi.org/10.2489/jswc.72.3.205,0,0
,https://doi.org/10.1007/s10584-020-02860-w,0,0
,https://doi.org/10.1177/0013916516664382,0,0
,https://doi.org/10.1016/j.scitotenv.2015.11.125,0,0
,https://doi.org/10.1111/jpc.15649,0,0
,https://doi.org/10.1177/0963662511421711,0,0
,https://doi.org/10.1007/s10584-021-03285-9,0,0
,https://doi.org/10.1111/1745-5871.12514,0,0
,https://doi.org/10.1177/0196859920977150,0,0
,https://doi.org/10.17660/ActaHortic.2016.1132.26,0,0
,https://doi.org/10.1016/j.gloenvcha.2022.102492,0,0
,https://doi.org/10.1007/s10113-019-01492-w,0,0
,https://doi.org/10.1016/j.gloenvcha.2016.10.003,0,0
,https://doi.org/10.2495/SC210011,0,0
,https://doi.org/10.1111/pops.12244,0,0
,https://doi.org/10.1111/geoj.12116,0,0
,https://doi.org/10.1007/s10460-014-9531-5,0,0
,https://doi.org/10.22323/2.20050208,0,0
,https://doi.org/10.1007/s10584-021-03248-0,0,0
,https://doi.org/10.1177/0963662520982540,0,0
,https://doi.org/10.1007/s00267-020-01315-3,0,0
,https://doi.org/10.7577/formakademisk.2647,0,0
,https://doi.org/10.1007/s12045-020-1010-2,0,0
,https://doi.org/10.1080/10598650.2021.1937791,0,0
,https://doi.org/10.1080/15230406.2013.826479,0,0
,https://doi.org/10.1016/j.jenvp.2011.09.002,0,0
,https://doi.org/10.5751/ES-04670-170203,0,0
,https://doi.org/10.1177/0963662514521542,0,0
,https://doi.org/10.1080/17524032.2019.1626754,0,0
,https://doi.org/10.1080/17524032.2014.955039,0,0
,https://doi.org/10.1177/1075547018793427,0,0
,https://doi.org/10.1007/s10584-019-02537-z,0,0
,https://doi.org/10.1177/0002764214550297,0,0
,https://doi.org/10.1016/j.uclim.2015.06.006,0,0
,https://doi.org/10.1108/WHATT-06-2016-0035,0,0
,https://doi.org/10.1353/lib.2013.0008,0,0
,https://doi.org/10.1016/j.ocecoaman.2022.106122,0,0
,https://doi.org/10.2166/wst.2013.293,0,0
,https://doi.org/10.1007/s10113-011-0253-6,0,0
,https://doi.org/10.1016/j.enpol.2016.09.001,0,0
,https://doi.org/10.1108/JD-01-2020-0015,0,0
,https://doi.org/10.1016/j.exis.2018.03.004,0,0
,https://doi.org/10.1016/j.pecon.2021.03.003,0,0
,https://doi.org/10.1016/j.scitotenv.2016.02.034,0,0
,https://doi.org/10.1093/conphys/cox003,0,0
,,0,0
,https://doi.org/10.1016/j.landusepol.2020.104483,0,0
,https://doi.org/10.1177/0741088314557623,0,0
,https://doi.org/10.1016/j.wasman.2022.01.036,0,0
,https://doi.org/10.1111/cobi.13591,0,0
,https://doi.org/10.1016/j.erss.2021.101947,0,0
,https://doi.org/10.1016/j.janxdis.2020.102282,0,0
,https://doi.org/10.1108/JCOM-06-2019-0092,0,0
,https://doi.org/10.1108/SRJ-11-2019-0376,0,0
,https://doi.org/10.1080/17524032.2020.1776359,0,0
,https://doi.org/10.1177/0963662515600965,0,0
,https://doi.org/10.3828/tpr.2018.17,0,0
,https://doi.org/10.3138/ctr.179.003,0,0
,https://doi.org/10.22323/2.19010201,0,0
,https://doi.org/10.1016/j.erss.2019.101290,0,0
,https://doi.org/10.1175/BAMS-D-12-00129.1,0,0
,https://doi.org/10.1007/s10584-021-03165-2,0,0
,https://doi.org/10.1007/s10584-021-02966-9,0,0
,https://doi.org/10.1016/j.jhydrol.2016.02.032,0,0
,https://doi.org/10.1080/21683565.2020.1812788,0,0
,,0,0
,https://doi.org/10.1136/medethics-2019-105866,0,0
,https://doi.org/10.1007/s11948-014-9548-6,0,0
,https://doi.org/10.1038/NCLIMATE1807,0,0
,https://doi.org/10.1068/c12133,0,0
,https://doi.org/10.3366/scot.2021.0386,0,0
,https://doi.org/10.1080/1533015X.2018.1454358,0,0
,https://doi.org/10.17269/s41997-020-00352-z,0,0
,https://doi.org/10.1146/annurev-phyto-030320-041359,0,0
,https://doi.org/10.3390/ijerph110403473,0,0
,https://doi.org/10.1007/s10584-020-02845-9,0,0
,https://doi.org/10.3390/atmos12091160,0,0
,,0,0
,https://doi.org/10.1073/pnas.1906589116,0,0
,https://doi.org/10.1016/j.geoforum.2020.11.006,0,0
,https://doi.org/10.1111/1365-2745.13667,0,0
,https://doi.org/10.1177/0963662512467732,0,0
,https://doi.org/10.1007/s13412-013-0136-x,0,0
,https://doi.org/10.1073/pnas.1804698115,0,0
,https://doi.org/10.1016/j.envsci.2021.08.017,0,0
,https://doi.org/10.1177/0963662520966690,0,0
,https://doi.org/10.1037/aca0000247,0,0
,https://doi.org/10.1080/17524032.2019.1696853,0,0
,https://doi.org/10.17645/mac.v8i2.2824,0,0
,https://doi.org/10.1080/08941920.2021.1991066,0,0
,https://doi.org/10.1002/wcc.333,0,0
,https://doi.org/10.1071/RJ16052,0,0
,https://doi.org/10.1080/08941920.2019.1584343,0,0
,https://doi.org/10.1007/s10212-012-0155-0,0,0
,https://doi.org/10.1007/s10584-015-1425-z,0,0
,,0,0
,https://doi.org/10.1002/tea.21334,0,0
,https://doi.org/10.1016/j.gloenvcha.2021.102324,0,0
,https://doi.org/10.3389/fcomm.2019.00033,0,0
,https://doi.org/10.1177/1469540514553691,0,0
,https://doi.org/10.1111/ajes.12347,0,0
,https://doi.org/10.1080/17512786.2020.1798272,0,0
,https://doi.org/10.3390/su131910518,0,0
,https://doi.org/10.1080/17524032.2020.1871051,0,0
,https://doi.org/10.1080/13669877.2020.1749118,0,0
,https://doi.org/10.1016/j.jclepro.2017.09.210,0,0
,https://doi.org/10.3390/su10124791,0,0
,https://doi.org/10.1007/s11356-021-12427-6,0,0
,https://doi.org/10.1098/rsos.160360,0,0
,https://doi.org/10.1016/j.crm.2016.11.003,0,0
,https://doi.org/10.1080/13504622.2013.812720,0,0
,https://doi.org/10.1177/03091333211017698,0,0
,https://doi.org/10.1111/soc4.12482,0,0
,,0,0
,https://doi.org/10.1007/s10584-020-02707-4,0,0
,https://doi.org/10.1080/17524032.2020.1814377,0,0
,,0,0
,https://doi.org/10.1016/j.cobeha.2021.08.002,0,0
,https://doi.org/10.3389/fcomm.2020.601177,0,0
,https://doi.org/10.1007/s10584-021-03138-5,0,0
,https://doi.org/10.1016/j.habitatint.2015.09.001,0,0
,https://doi.org/10.1007/s10734-013-9669-x,0,0
,https://doi.org/10.1371/journal.pone.0252952,0,0
,https://doi.org/10.1016/j.hal.2020.101740,0,0
,https://doi.org/10.1080/10510974.2022.2026426,0,0
,https://doi.org/10.1021/acs.jchemed.7b00948,0,0
,https://doi.org/10.1016/j.jenvp.2021.101685,0,0
,https://doi.org/10.1177/0002716214559699,0,0
,https://doi.org/10.1177/0963662518795397,0,0
,https://doi.org/10.1007/s00267-019-01158-7,0,0
,https://doi.org/10.1002/pan3.10301,0,0
,https://doi.org/10.1007/s11192-021-04050-6,0,0
,https://doi.org/10.1016/j.jort.2015.07.001,0,0
,https://doi.org/10.1080/21548455.2019.1654145,0,0
,https://doi.org/10.1177/1075547015592067,0,0
,https://doi.org/10.3390/su10082616,0,0
,https://doi.org/10.3354/cr01142,0,0
,https://doi.org/10.1016/j.crm.2016.11.001,0,0
,https://doi.org/10.1007/s10668-018-0173-4,0,0
,,0,0
,https://doi.org/10.1108/JD-03-2021-0072,0,0
,https://doi.org/10.1080/10570314.2013.835065,0,0
,https://doi.org/10.1073/pnas.1711790114,0,0
,https://doi.org/10.1007/s10584-014-1108-1,0,0
,https://doi.org/10.1080/17524032.2017.1371050,0,0
,https://doi.org/10.1177/0038038516648547,0,0
,https://doi.org/10.1007/s11069-022-05225-x,0,0
,https://doi.org/10.1080/14775700.2021.1875726,0,0
,https://doi.org/10.1016/j.ijhydene.2016.12.152,0,0
,https://doi.org/10.5194/gc-3-381-2020,0,0
,https://doi.org/10.1097/NT.0000000000000214,0,0
,https://doi.org/10.3390/f9100626,0,0
,https://doi.org/10.1186/s12889-019-7373-1,0,0
,https://doi.org/10.1177/09636625211020661,0,0
,https://doi.org/10.18848/2325-1212/cgp/v08i01/55269,0,0
,https://doi.org/10.1007/s00016-018-0229-8,0,0
,https://doi.org/10.1080/13504622.2017.1318114,0,0
,https://doi.org/10.3389/fcomm.2019.00006,0,0
,https://doi.org/10.1177/1075547018776019,0,0
,https://doi.org/10.1016/j.jenvp.2013.07.003,0,0
,https://doi.org/10.1016/j.gloenvcha.2021.102308,0,0
,https://doi.org/10.1080/20442041.2017.1326793,0,0
,https://doi.org/10.1016/j.envsci.2019.12.012,0,0
,,0,0
,https://doi.org/10.1016/j.envsci.2018.08.007,0,0
,https://doi.org/10.1177/20563051211038262,0,0
,https://doi.org/10.1016/j.resconrec.2018.05.012,0,0
,https://doi.org/10.1109/MIC.2013.59,0,0
,https://doi.org/10.1016/j.accre.2015.09.008,0,0
,https://doi.org/10.1016/j.jclepro.2020.121212,0,0
,https://doi.org/10.17323/1996-7845-2017-01-148,0,0
,https://doi.org/10.1073/pnas.1317505111,0,0
,,0,0
,https://doi.org/10.1016/j.wsif.2015.02.015,0,0
,https://doi.org/10.1002/geo2.54,0,0
,https://doi.org/10.1016/j.enpol.2016.11.013,0,0
,https://doi.org/10.2495/ST200101,0,0
,https://doi.org/10.1371/journal.pone.0052882,0,0
,https://doi.org/10.1080/17524032.2018.1508047,0,0
,https://doi.org/10.7717/peerj.12407,0,0
,https://doi.org/10.1080/14660466.2018.1533348,0,0
,https://doi.org/10.1080/2040610X.2019.1623513,0,0
,https://doi.org/10.1007/s00267-020-01283-8,0,0
,https://doi.org/10.1080/17405904.2019.1617757,0,0
,https://doi.org/10.1080/17524032.2017.1371054,0,0
,https://doi.org/10.1016/j.ecoleng.2015.01.021,0,0
,https://doi.org/10.1016/j.envsci.2018.01.001,0,0
,https://doi.org/10.1002/ajhb.23592,0,0
,https://doi.org/10.1017/S0376892917000443,0,0
,https://doi.org/10.1177/0741088318804822,0,0
,https://doi.org/10.1016/j.erss.2021.102236,0,0
,https://doi.org/10.1080/21711976.2016.1242229,0,0
,https://doi.org/10.1016/j.cities.2019.102396,0,0
,https://doi.org/10.3389/fcomm.2019.00020,0,0
,https://doi.org/10.3390/su12093782,0,0
,https://doi.org/10.1016/j.resconrec.2017.09.003,0,0
,https://doi.org/10.1016/j.jhydrol.2012.06.006,0,0
,https://doi.org/10.1108/IJCCSM-09-2020-0100,0,0
,https://doi.org/10.3390/ijerph15050875,0,0
,https://doi.org/10.1088/1748-9326/ab466a,0,0
,https://doi.org/10.1108/IJCCSM-06-2015-0084,0,0
,https://doi.org/10.1007/s11135-017-0538-z,0,0
,https://doi.org/10.1108/IJCCSM-05-2017-0117,0,0
,https://doi.org/10.1016/j.heliyon.2022.e08773,0,0
,https://doi.org/10.1371/journal.pone.0250656,0,0
,,0,0
,https://doi.org/10.1177/0963662514545909,0,0
,https://doi.org/10.1007/s10584-018-2181-7,0,0
,https://doi.org/10.1007/s10584-015-1533-9,0,0
,https://doi.org/10.1007/s11356-017-0188-7,0,0
,https://doi.org/10.1021/acs.jchemed.1c00138,0,0
,https://doi.org/10.1177/1745691615598516,0,0
,https://doi.org/10.1007/s10584-021-03109-w,0,0
,https://doi.org/10.1017/S1466046613000446,0,0
,https://doi.org/10.1080/14693062.2015.1019822,0,0
,https://doi.org/10.1007/s10530-019-02087-6,0,0
,https://doi.org/10.1080/13546783.2021.1979651,0,0
,https://doi.org/10.2134/jeq2019.03.0114,0,0
,https://doi.org/10.4314/jae.v22i2.16,0,0
,,0,0
,https://doi.org/10.1016/j.scitotenv.2021.146076,0,0
,https://doi.org/10.3389/fpsyg.2019.00187,0,0
,https://doi.org/10.1073/pnas.1704882114,0,0
,https://doi.org/10.1016/j.erss.2017.06.011,0,0
,https://doi.org/10.2478/boku-2019-0010,0,0
,https://doi.org/10.1007/s10657-012-9376-6,0,0
,https://doi.org/10.1186/s42408-020-00078-w,0,0
,https://doi.org/10.3390/land10010048,0,0
,https://doi.org/10.1002/ajhb.23659,0,0
,https://doi.org/10.1016/j.envsci.2012.07.008,0,0
,https://doi.org/10.1038/s41598-021-99438-y,0,0
,https://doi.org/10.1016/j.enpol.2018.02.002,0,0
,https://doi.org/10.3167/th.2019.6616003,0,0
,https://doi.org/10.1080/00938157.2015.1116325,0,0
,https://doi.org/10.6185/TJIA.V.201807-22(1).0001,0,0
,https://doi.org/10.1007/s10584-019-02455-0,0,0
,https://doi.org/10.1080/13669877.2015.1042507,0,0
,https://doi.org/10.1007/s10584-021-03222-w,0,0
,https://doi.org/10.1007/s10584-018-2230-2,0,0
,https://doi.org/10.1080/19331681.2015.1034910,0,0
,https://doi.org/10.1002/ar.24894,0,0
,https://doi.org/10.3167/latiss.2021.140205,0,0
,https://doi.org/10.1080/01944363.2019.1619476,0,0
,https://doi.org/10.1080/09644016.2020.1778990,0,0
,https://doi.org/10.1007/s11842-019-09426-4,0,0
,https://doi.org/10.1016/j.jenvman.2021.113475,0,0
,,0,0
,https://doi.org/10.1080/13549839.2016.1250736,0,0
,https://doi.org/10.2134/agronj15.0152,0,0
,https://doi.org/10.1371/journal.pone.0256082,0,0
,https://doi.org/10.1080/20507828.2021.2019975,0,0
,https://doi.org/10.3390/w13172434,0,0
,https://doi.org/10.4324/9780367441265,0,0
,https://doi.org/10.1080/17567505.2021.1944571,0,0
,https://doi.org/10.1073/pnas.1320868111,0,0
,https://doi.org/10.1088/2515-7620/abae77,0,0
,https://doi.org/10.5751/ES-11798-260101,0,0
,https://doi.org/10.1007/s11069-019-03706-0,0,0
,https://doi.org/10.1016/j.crm.2020.100223,0,0
,https://doi.org/10.1016/j.landurbplan.2015.07.006,0,0
,https://doi.org/10.1016/j.crm.2015.06.005,0,0
,https://doi.org/10.1080/17524032.2020.1725085,0,0
,https://doi.org/10.5565/rev/papers.2230,0,0
,https://doi.org/10.1186/1471-2458-13-208,0,0
,,0,0
,https://doi.org/10.1515/euco-2016-0007,0,0
,https://doi.org/10.18848/2325-1077/CGP/v08i03/55051,0,0
,https://doi.org/10.1007/s12144-022-02804-w,0,0
,https://doi.org/10.1080/17524032.2012.719532,0,0
,https://doi.org/10.1016/j.erss.2015.08.012,0,0
,https://doi.org/10.1080/10042857.2017.1418276,0,0
,https://doi.org/10.1016/j.gloenvcha.2016.09.004,0,0
,https://doi.org/10.1007/s10661-021-09265-x,0,0
,https://doi.org/10.1080/17524032.2014.906483,0,0
,https://doi.org/10.1177/0963662513517848,0,0
,https://doi.org/10.1080/17524032.2016.1269824,0,0
,https://doi.org/10.1080/23743670.2020.1770114,0,0
,https://doi.org/10.3390/h8040159,0,0
,https://doi.org/10.1016/j.scitotenv.2016.02.128,0,0
,https://doi.org/10.1016/j.appet.2016.09.026,0,0
,https://doi.org/10.3389/fenvs.2021.619606,0,0
,https://doi.org/10.1016/j.gloenvcha.2013.06.002,0,0
,https://doi.org/10.1080/17524032.2017.1289111,0,0
,,0,0
,https://doi.org/10.1016/j.futures.2021.102703,0,0
,https://doi.org/10.1073/pnas.1912444117,0,0
,https://doi.org/10.1108/BIJ-12-2018-0431,0,0
,https://doi.org/10.1007/s10584-019-02504-8,0,0
,https://doi.org/10.3389/fpsyg.2019.01541,0,0
,https://doi.org/10.1177/0963721416654436,0,0
,https://doi.org/10.1007/s10668-020-00942-4,0,0
,https://doi.org/10.1108/SAMPJ-09-2012-0033,0,0
,https://doi.org/10.3390/su12208575,0,0
,,0,0
,https://doi.org/10.1016/j.respol.2013.12.006,0,0
,https://doi.org/10.1177/0956797612457686,0,0
,https://doi.org/10.1016/j.ijgeop.2021.05.004,0,0
,https://doi.org/10.1016/j.gloenvcha.2020.102070,0,0
,https://doi.org/10.1002/agj2.20930,0,0
,https://doi.org/10.3389/fcomm.2021.613167,0,0
,https://doi.org/10.1016/j.gloenvcha.2015.03.006,0,0
,https://doi.org/10.3390/su12072659,0,0
,https://doi.org/10.2174/1874949601407010001,0,0
,https://doi.org/10.1177/1075547018786560,0,0
,https://doi.org/10.3390/f11020168,0,0
,https://doi.org/10.1016/j.gloenvcha.2012.11.006,0,0
,https://doi.org/10.1016/j.marpol.2014.01.004,0,0
,https://doi.org/10.1016/j.jenvman.2015.04.001,0,0
,,0,0
,https://doi.org/10.1111/cobi.12235,0,0
,https://doi.org/10.3389/fpsyg.2019.00938,0,0
,https://doi.org/10.1080/2154896X.2015.1040257,0,0
,https://doi.org/10.1080/17524032.2016.1241814,0,0
,https://doi.org/10.1177/1075547018760334,0,0
,https://doi.org/10.1016/j.crm.2016.01.004,0,0
,https://doi.org/10.1111/csp2.493,0,0
,https://doi.org/10.1080/17524032.2018.1438302,0,0
,https://doi.org/10.1016/j.agsy.2016.01.001,0,0
,https://doi.org/10.1016/j.hal.2016.03.007,0,0
,https://doi.org/10.3390/ijerph14030298,0,0
,https://doi.org/10.1002/fsh.10310,0,0
,https://doi.org/10.3389/feduc.2021.750952,0,0
,https://doi.org/10.1016/j.scs.2020.102687,0,0
,https://doi.org/10.1108/IJCCSM-03-2017-0058,0,0
,https://doi.org/10.3390/w11071501,0,0
,https://doi.org/10.1080/21548455.2015.1027320,0,0
,https://doi.org/10.1016/j.gloenvcha.2015.02.010,0,0
,https://doi.org/10.1111/rec.12069,0,0
,https://doi.org/10.1080/20430795.2012.702497,0,0
,https://doi.org/10.1177/1077699018769668,0,0
,,0,0
,https://doi.org/10.3390/su11072120,0,0
,https://doi.org/10.2478/rela-2019-0010,0,0
,https://doi.org/10.3389/fcomm.2021.581302,0,0
,https://doi.org/10.1016/j.ijggc.2021.103312,0,0
,https://doi.org/10.1080/17524032.2019.1664607,0,0
,https://doi.org/10.1016/j.forpol.2021.102625,0,0
,https://doi.org/10.3390/ijerph111010694,0,0
,https://doi.org/10.1177/23294965211001403,0,0
,https://doi.org/10.1080/13669877.2019.1646313,0,0
,https://doi.org/10.1038/NCLIMATE2728,0,0
,https://doi.org/10.1080/10402381.2016.1264513,0,0
,https://doi.org/10.1007/s10584-017-2088-8,0,0
,https://doi.org/10.1007/s10584-020-02830-2,0,0
,https://doi.org/10.1002/ppp3.10266,0,0
,https://doi.org/10.17645/mac.v8i2.2937,0,0
,https://doi.org/10.17645/mac.v8i2.2937,0,0
,,0,0
,https://doi.org/10.1016/j.envsci.2021.10.031,0,0
,https://doi.org/10.5849/jof.13-098,0,0
,https://doi.org/10.1177/0963662512444682,0,0
,https://doi.org/10.3390/jmse6030076,0,0
,https://doi.org/10.1016/j.gloenvcha.2011.09.011,0,0
,,0,0
,https://doi.org/10.3390/su132011420,0,0
,https://doi.org/10.3390/w13182599,0,0
,https://doi.org/10.1093/abm/kaaa087,0,0
,https://doi.org/10.1088/2515-7620/ab89f9,0,0
,,0,0
,https://doi.org/10.3389/fenvs.2021.678938,0,0
,https://doi.org/10.15666/aeer/1604_40394050,0,0
,https://doi.org/10.1007/s10098-017-1387-0,0,0
,https://doi.org/10.1177/2158244016676296,0,0
,https://doi.org/10.1111/sipr.12061,0,0
,https://doi.org/10.1007/s10584-019-02414-9,0,0
,https://doi.org/10.1016/j.gloenvcha.2016.09.002,0,0
,https://doi.org/10.1080/1523908X.2015.1040545,0,0
,https://doi.org/10.1038/NCLIMATE2507,0,0
,https://doi.org/10.1016/j.envsci.2022.02.031,0,0
,https://doi.org/10.1002/awwa.1710,0,0
,https://doi.org/10.1371/journal.pbio.1001707,0,0
,https://doi.org/10.1080/09505431.2014.917620,0,0
,https://doi.org/10.1002/wcc.269,0,0
,https://doi.org/10.1386/macp.9.1.7_1,0,0
,https://doi.org/10.1016/j.gloenvcha.2014.09.006,0,0
,https://doi.org/10.1088/1748-9326/9/5/054005,0,0
,https://doi.org/10.1016/j.resconrec.2019.104419,0,0
,https://doi.org/10.1093/jel/eqs027,0,0
,https://doi.org/10.7717/peerj.11975,0,0
,https://doi.org/10.1007/s10584-014-1177-1,0,0
,https://doi.org/10.1080/08920753.2013.822288,0,0
,https://doi.org/10.1016/j.enpol.2016.09.026,0,0
,https://doi.org/10.1016/j.enpol.2018.11.040,0,0
,https://doi.org/10.1038/nclimate2610,0,0
,https://doi.org/10.1016/j.copsyc.2021.03.012,0,0
,https://doi.org/10.1186/s12889-021-10614-1,0,0
,https://doi.org/10.7717/peerj.9044,0,0
,https://doi.org/10.1111/tops.12173,0,0
,https://doi.org/10.1007/s13412-020-00617-6,0,0
,https://doi.org/10.1016/j.shpsa.2019.05.006,0,0
,https://doi.org/10.1007/s10584-019-02375-z,0,0
,https://doi.org/10.1038/NCLIMATE3005,0,0
,https://doi.org/10.1080/14693062.2012.702982,0,0
,https://doi.org/10.1080/13669877.2011.601319,0,0
,https://doi.org/10.1016/j.erss.2015.03.001,0,0
,https://doi.org/10.1007/s10584-013-0979-x,0,0
,https://doi.org/10.1080/17524032.2015.1047885,0,0
,https://doi.org/10.1016/j.jenvp.2020.101388,0,0
,https://doi.org/10.1002/pan3.10241,0,0
,https://doi.org/10.1002/wcc.403,0,0
,,0,0
,https://doi.org/10.1002/wat2.1174,0,0
,https://doi.org/10.1016/j.agsy.2021.103222,0,0
,https://doi.org/10.1080/08039410.2014.962599,0,0
,https://doi.org/10.3197/096327114X13947900181077,0,0
,https://doi.org/10.24193/ekphrasis.24.3,0,0
,https://doi.org/10.1080/09505431.2022.2049597,0,0
,https://doi.org/10.1080/20590776.2021.2001295,0,0
,https://doi.org/10.4018/978-1-4666-6046-5.ch083,0,0
,https://doi.org/10.1080/17524032.2018.1533877,0,0
,https://doi.org/10.1080/00219266.2017.1285806,0,0
,https://doi.org/10.3390/su122410611,0,0
,https://doi.org/10.1016/j.erss.2014.03.007,0,0
,https://doi.org/10.5751/ES-06320-190138,0,0
,https://doi.org/10.1111/j.1539-6924.2012.01812.x,0,0
,,0,0
,https://doi.org/10.1080/00295450.2021.1996842,0,0
,https://doi.org/10.1007/s11625-016-0394-0,0,0
,https://doi.org/10.1007/s13412-017-0442-9,0,0
,https://doi.org/10.1080/00028533.2012.11821761,0,0
,,0,0
,https://doi.org/10.1177/0963662520985134,0,0
,https://doi.org/10.1590/0001-3765202120200204,0,0
,https://doi.org/10.3389/fcomm.2018.00004,0,0
,https://doi.org/10.22323/2.15060204,0,0
,https://doi.org/10.1080/10402381.2019.1622612,0,0
,https://doi.org/10.1177/1075547011422957,0,0
,https://doi.org/10.1177/0963662519844131,0,0
,https://doi.org/10.1177/0963662519865448,0,0
,,0,0
,https://doi.org/10.1175/WCAS-D-20-0035.1,0,0
,https://doi.org/10.1177/0963662519888599,0,0
,https://doi.org/10.1088/1748-9326/aafbb6,0,0
,https://doi.org/10.1177/1075547013502733,0,0
,https://doi.org/10.1109/JSYST.2015.2466439,0,0
,https://doi.org/10.1007/s10668-014-9551-8,0,0
,https://doi.org/10.1080/17583004.2018.1435960,0,0
,https://doi.org/10.1177/0963662519886474,0,0
,https://doi.org/10.1175/WCAS-D-16-0110.1,0,0
,https://doi.org/10.1080/08941920.2016.1264653,0,0
,https://doi.org/10.1332/204378921X16345524513807,0,0
,https://doi.org/10.1177/1745691616639726,0,0
,https://doi.org/10.1073/pnas.1722664115,0,0
,https://doi.org/10.1177/1075547017735113,0,0
,https://doi.org/10.3390/su9010068,0,0
,https://doi.org/10.1007/s10584-015-1424-0,0,0
,https://doi.org/10.1016/j.jenvman.2020.111304,0,0
,https://doi.org/10.1007/s00267-020-01393-3,0,0
,https://doi.org/10.1016/j.socscimed.2020.112975,0,0
,https://doi.org/10.1016/j.resourpol.2012.10.004,0,0
,https://doi.org/10.1075/jaic.18008.goo,0,0
,https://doi.org/10.1177/1075547014568418,0,0
,https://doi.org/10.22323/2.18030204,0,0
,https://doi.org/10.1093/biosci/biz004,0,0
,https://doi.org/10.1111/1468-2427.12032,0,0
,https://doi.org/10.12681/mms.27949,0,0
,,0,0
,,0,0
,https://doi.org/10.1016/j.jenvp.2016.04.005,0,0
,https://doi.org/10.1080/20590776.2021.2018916,0,0
,https://doi.org/10.1177/0963662520981729,0,0
,https://doi.org/10.1007/s10806-011-9358-7,0,0
,https://doi.org/10.1002/wcc.234,0,0
,https://doi.org/10.1175/BAMS-D-21-0035.1,0,0
,https://doi.org/10.1007/s10584-018-2253-8,0,0
,https://doi.org/10.1177/0013916518793482,0,0
,https://doi.org/10.1016/j.erss.2020.101760,0,0
,https://doi.org/10.3389/fmars.2017.00206,0,0
,,0,0
,https://doi.org/10.1002/aqc.2958,0,0
,https://doi.org/10.22323/2.19060303,0,0
,,0,0
,https://doi.org/10.1007/s10584-017-1994-0,0,0
,https://doi.org/10.1016/j.crm.2015.08.001,0,0
,https://doi.org/10.1177/1075547020980443,0,0
,https://doi.org/10.1080/17524032.2019.1697326,0,0
,https://doi.org/10.1002/wcc.590,0,0
,https://doi.org/10.1017/S0032247419000093,0,0
,https://doi.org/10.1080/17524032.2020.1741420,0,0
,https://doi.org/10.1525/abt.2020.82.8.535,0,0
,https://doi.org/10.1177/0963662519840946,0,0
,https://doi.org/10.1016/j.ijdrr.2015.05.002,0,0
,,0,0
,https://doi.org/10.1016/j.gloenvcha.2021.102390,0,0
,https://doi.org/10.5817/CPR2020-1-8,0,0
,https://doi.org/10.1007/s10113-020-01649-y,0,0
,https://doi.org/10.1177/1075547020927017,0,0
,https://doi.org/10.1177/0963662516631289,0,0
,https://doi.org/10.1080/15205436.2021.1925300,0,0
,,0,0
,https://doi.org/10.1007/s11948-020-00258-6,0,0
,https://doi.org/10.1177/1470594X14538570,0,0
,https://doi.org/10.1111/1749-4877.12151,0,0
,https://doi.org/10.1080/17524032.2020.1863826,0,0
,https://doi.org/10.15581/003.32.4.275-290,0,0
,https://doi.org/10.1080/08941920.2017.1295497,0,0
,https://doi.org/10.1177/1075547016655357,0,0
,https://doi.org/10.1080/2154896X.2016.1241488,0,0
,https://doi.org/10.1215/22011919-7156848,0,0
,https://doi.org/10.1080/13504622.2016.1177712,0,0
,https://doi.org/10.1007/s10745-013-9605-9,0,0
,https://doi.org/10.1016/j.jenvman.2013.12.033,0,0
,https://doi.org/10.1007/s00267-020-01328-y,0,0
,https://doi.org/10.1007/s10584-015-1475-2,0,0
,https://doi.org/10.1017/dmp.2019.71,0,0
,https://doi.org/10.1177/0002716214559887,0,0
,https://doi.org/10.1080/09644016.2018.1423909,0,0
,https://doi.org/10.1080/17524032.2019.1699137,0,0
,https://doi.org/10.1093/oxfordhb/9780190497620.001.0001,0,0
,https://doi.org/10.3390/atmos12020241,0,0
,https://doi.org/10.1016/j.envsci.2017.04.011,0,0
,https://doi.org/10.1163/21659214-00802003,0,0
,https://doi.org/10.1111/csp2.540,0,0
,https://doi.org/10.1029/2018WR024211,0,0
,,0,0
,,0,0
,,0,0
,https://doi.org/10.1080/08941920.2015.1095380,0,0
,https://doi.org/10.1007/s10584-020-02706-5,0,0
,https://doi.org/10.1080/1088937X.2020.1798540,0,0
,https://doi.org/10.1371/journal.pone.0075637,0,0
,https://doi.org/10.19191/EP21.5.P416.108,0,0
,https://doi.org/10.1080/09644016.2014.921456,0,0
,https://doi.org/10.1177/09636625221077826,0,0
,https://doi.org/10.1016/j.scitotenv.2019.05.191,0,0
,https://doi.org/10.3390/cli4030038,0,0
,https://doi.org/10.1002/meet.14504901367,0,0
,https://doi.org/10.1177/0963662513482268,0,0
,https://doi.org/10.1016/j.geoforum.2020.03.009,0,0
,https://doi.org/10.1007/s10584-016-1631-3,0,0
,https://doi.org/10.1007/s10745-022-00307-7,0,0
,https://doi.org/10.1108/IJCCSM-10-2014-0127,0,0
,,0,0
,https://doi.org/10.3390/su132011272,0,0
,https://doi.org/10.1016/j.jclepro.2020.121933,0,0
,https://doi.org/10.1177/0963662520966165,0,0
,https://doi.org/10.5194/gc-2-69-2019,0,0
,https://doi.org/10.1080/09537325.2012.751012,0,0
,https://doi.org/10.1109/MIM.2021.9549127,0,0
,https://doi.org/10.1016/j.jhydrol.2021.127230,0,0
,https://doi.org/10.1007/s00267-017-0918-0,0,0
,https://doi.org/10.3390/ijerph17217718,0,0
,https://doi.org/10.1177/1075547018766556,0,0
,https://doi.org/10.1080/17524032.2019.1579746,0,0
,https://doi.org/10.1080/17524032.2020.1777181,0,0
,https://doi.org/10.1016/j.gloenvcha.2016.12.008,0,0
,https://doi.org/10.1016/j.biocon.2019.03.028,0,0
,https://doi.org/10.1080/10382046.2018.1513447,0,0
,https://doi.org/10.1007/s11625-016-0376-2,0,0
,https://doi.org/10.1016/j.gloenvcha.2019.101965,0,0
,https://doi.org/10.1002/ieam.1668,0,0
,https://doi.org/10.1088/1748-9326/abcd5a,0,0
,https://doi.org/10.1108/cpoib-05-2018-0039,0,0
,https://doi.org/10.1007/s10708-014-9547-9,0,0
,https://doi.org/10.1037/a0039448,0,0
,https://doi.org/10.1007/s11191-021-00304-0,0,0
,https://doi.org/10.3389/fclim.2021.674718,0,0
,https://doi.org/10.3389/fsufs.2021.661552,0,0
,https://doi.org/10.1175/WCAS-D-20-0058.1,0,0
,https://doi.org/10.1007/s10584-012-0424-6,0,0
,https://doi.org/10.1016/j.landusepol.2020.104547,0,0
,https://doi.org/10.1080/10646175.2018.1439420,0,0
,https://doi.org/10.2489/jswc.69.6.505,0,0
,https://doi.org/10.1177/0013916513503832,0,0
,https://doi.org/10.1016/j.envsci.2018.01.005,0,0
,https://doi.org/10.1080/19480881.2015.1021181,0,0
,https://doi.org/10.1093/icb/icab104,0,0
,https://doi.org/10.1111/1468-2427.12046,0,0
,https://doi.org/10.1144/SP419.15,0,0
,https://doi.org/10.1002/nse2.20063,0,0
,https://doi.org/10.1016/j.crm.2016.10.004,0,0
,https://doi.org/10.3389/fpsyg.2018.02322,0,0
,,0,0
,https://doi.org/10.1177/0013916518790590,0,0
,https://doi.org/10.1080/17524032.2015.1016544,0,0
,https://doi.org/10.22323/2.18040207,0,0
,https://doi.org/10.1016/j.erss.2017.06.029,0,0
,https://doi.org/10.1080/14693062.2020.1757399,0,0
,https://doi.org/10.4033/iee.2017.10.4.psi,0,0
,https://doi.org/10.3390/en12081499,0,0
,https://doi.org/10.1007/s00267-013-0153-2,0,0
,https://doi.org/10.1080/17524032.2014.906478,0,0
,https://doi.org/10.3390/su12072955,0,0
,https://doi.org/10.1175/WCAS-D-19-0049.1,0,0
,https://doi.org/10.1007/s10584-021-03211-z,0,0
,https://doi.org/10.1016/j.jaridenv.2017.08.001,0,0
,https://doi.org/10.1175/BAMS-D-20-0035.1,0,0
,https://doi.org/10.1177/00139165211026607,0,0
,https://doi.org/10.5408/13-046.1,0,0
,https://doi.org/10.3390/atmos9010022,0,0
,https://doi.org/10.1111/j.1539-6924.2011.01773.x,0,0
,https://doi.org/10.22323/2.17030201,0,0
,https://doi.org/10.3390/su11061619,0,0
,https://doi.org/10.1016/j.gloenvcha.2018.01.004,0,0
,https://doi.org/10.1016/j.jenvman.2019.04.008,0,0
,https://doi.org/10.22323/2.13040202,0,0
,https://doi.org/10.1515/commun-2016-0012,0,0
,https://doi.org/10.1007/s11191-021-00257-4,0,0
,https://doi.org/10.1086/715153,0,0
,https://doi.org/10.22323/2.18020205,0,0
,https://doi.org/10.5849/jof.10-114,0,0
,https://doi.org/10.1080/17513057.2020.1850844,0,0
,,0,0
