openalex_id,doi,pmid,label_included,label_abstract_included,method
,https://doi.org/10.1044/2020_AJSLP-19-00035,,1,1,
,https://doi.org/10.3389/fpsyg.2017.02337,,1,1,
,https://doi.org/10.1016/j.jneuroling.2009.10.002,,1,1,
,https://doi.org/10.1016/j.jcomdis.2019.03.005,,1,1,
,https://doi.org/10.1177/1744629515591410,,1,1,
,https://doi.org/10.1044/1092-4388(2012/11-0050),,1,1,
,https://doi.org/10.1007/s00787-014-0652-6,,1,1,
,https://doi.org/10.1044/1058-0360(2011/10-0095),,1,1,
,,,1,1,
,https://doi.org/10.1352/1944-7558-122.5.392,,1,1,
,https://doi.org/10.1159/000364864,,1,1,
,https://doi.org/10.1352/1934-9556-50.4.332,,1,1,
,https://doi.org/10.1017/S0142716410000445,,1,1,
,https://doi.org/10.1007/s10882-011-9228-2,,1,1,
,https://doi.org/10.1080/87565641.2017.1393685,,1,1,
,https://doi.org/10.1017/S0142716411000695,,1,1,
,,,1,1,
,,,1,1,
,https://doi.org/10.1352/1944-7558-127.1.11,,1,1,
,https://doi.org/10.1352/1944-7558-118.2.77,,1,1,
,https://doi.org/10.1002/acp.3427,,1,1,
,https://doi.org/10.1080/17518423.2023.2209834,,1,1,
,https://doi.org/10.1027/1015-5759/a000569,,0,1,
,https://doi.org/10.1177/0265659010368757,,0,1,
,https://doi.org/10.1353/etc.2017.0010,,0,1,
,https://doi.org/10.1044/2017_JSLHR-L-16-0367,,0,1,
,https://doi.org/10.1111/1460-6984.12427,,0,1,
,https://doi.org/10.1177/0265659018815736,,0,1,
,https://doi.org/10.1016/j.ecresq.2009.11.002,,0,1,
,https://doi.org/10.1007/s11145-012-9399-y,,0,1,
,https://doi.org/10.1016/j.ridd.2017.11.004,,0,1,
,https://doi.org/10.3389/fpsyg.2019.00531,,0,1,
,https://doi.org/10.1007/s11145-012-9396-1,,0,1,
,,,0,1,
,https://doi.org/10.1002/berj.3162,,0,1,
,https://doi.org/10.1177/0265659018780968,,0,1,
,https://doi.org/10.1177/0731948714555019,,0,1,
,https://doi.org/10.1093/deafed/enp030,,0,1,
,https://doi.org/10.1002/icd.1849,,0,1,
,https://doi.org/10.1080/13670050.2017.1294143,,0,1,
,https://doi.org/10.1080/02702711.2010.495573,,0,1,
,https://doi.org/10.1044/2017_JSLHR-L-16-0168,,0,1,
,https://doi.org/10.1007/s11145-009-9175-9,,0,1,
,https://doi.org/10.1016/j.rasd.2018.02.006,,0,1,
,https://doi.org/10.1177/0142723715577320,,0,1,
,https://doi.org/10.1044/0161-1461(2012/11-0018),,0,1,
,https://doi.org/10.1111/1460-6984.12264,,0,1,
,https://doi.org/10.1002/rrq.261,,0,1,
,https://doi.org/10.1044/2019_LSHSS-19-00038,,0,1,
,https://doi.org/10.1016/j.ridd.2014.08.031,,0,1,
,https://doi.org/10.12738/estp.2018.3.0012,,0,1,
,https://doi.org/10.1016/j.ecresq.2017.12.006,,0,1,
,https://doi.org/10.1055/s-0035-1549108,,0,1,
,https://doi.org/10.1177/0022219414556121,,0,1,
,https://doi.org/10.1177/1053815119883410,,0,1,
,,,0,1,
,https://doi.org/10.1111/j.1748-6653.2011.02020.x,,0,1,
,https://doi.org/10.1016/j.jneuroling.2018.07.003,,0,1,
,https://doi.org/10.1111/jcpp.12819,,0,1,
,https://doi.org/10.1044/2019_LSHSS-19-00103,,0,1,
,https://doi.org/10.1080/10888438.2018.1481409,,0,1,
,https://doi.org/10.1044/2019_AJSLP-18-0106,,0,1,
,https://doi.org/10.1016/j.learninstruc.2014.01.008,,0,1,
,https://doi.org/10.1179/2050571X12Z.0000000005,,0,1,
,,,0,1,
,https://doi.org/10.1016/S0214-4603(10)70163-7,,0,1,
,https://doi.org/10.1044/2016_JSLHR-L-16-0141,,0,1,
,https://doi.org/10.1007/s10212-017-0328-y,,0,1,
,https://doi.org/10.3389/fpsyg.2017.01444,,0,1,
,https://doi.org/10.1016/j.cedpsych.2018.09.005,,0,1,
,https://doi.org/10.1371/journal.pone.0225445,,0,1,
,https://doi.org/10.1016/j.rasd.2016.03.005,,0,1,
,https://doi.org/10.1089/neu.2017.5250,,0,1,
,https://doi.org/10.1111/j.1460-6984.2012.00147.x,,0,1,
,https://doi.org/10.1044/2019_JSLHR-L-19-0015,,0,1,
,https://doi.org/10.1111/1460-6984.12471,,0,1,
,https://doi.org/10.1007/s10802-018-0451-5,,0,1,
,https://doi.org/10.1016/j.rlfa.2014.12.003,,0,1,
,https://doi.org/10.1080/17549507.2018.1444091,,0,1,
,https://doi.org/10.1111/j.1460-6984.2011.00104.x,,0,1,
,https://doi.org/10.1016/j.jcomdis.2010.05.002,,0,1,
,https://doi.org/10.1177/0142723716679797,,0,1,
,,,0,1,
,https://doi.org/10.1044/2015_LSHSS-14-0043,,0,1,
,https://doi.org/10.1111/dmcn.13118,,0,1,
,https://doi.org/10.3389/fpsyg.2019.00493,,0,1,
,https://doi.org/10.11144/Javeriana.upsy14-1.lcav,,0,1,
,https://doi.org/10.1080/09638288.2019.1594397,,0,1,
,https://doi.org/10.1017/S0142716415000429,,0,1,
,https://doi.org/10.1044/1092-4388(2010/08-0113),,0,1,
,https://doi.org/10.1177/1525740116651442,,0,1,
,https://doi.org/10.1177/1468798411416879,,0,1,
,https://doi.org/10.1016/j.ridd.2017.02.017,,0,1,
,https://doi.org/10.1017/S0142716415000454,,0,1,
,https://doi.org/10.1016/j.jcomdis.2010.05.005,,0,1,
,https://doi.org/10.1111/j.1460-6984.2012.00203.x,,0,1,
,https://doi.org/10.1111/1460-6984.12234,,0,1,
,https://doi.org/10.1044/1092-4388(2009/08-0039),,0,1,
,https://doi.org/10.1075/ni.18015.luc,,0,1,
,https://doi.org/10.1017/S014271641100035X,,0,1,
,https://doi.org/10.1080/00220671.2012.667013,,0,1,
,https://doi.org/10.1037/abn0000231,,0,1,
,https://doi.org/10.1111/j.1460-6984.2011.00095.x,,0,1,
,https://doi.org/10.1111/j.1469-8749.2010.03641.x,,0,1,
,https://doi.org/10.3109/02699052.2016.1147602,,0,1,
,https://doi.org/10.1017/S0142716415000430,,0,1,
,https://doi.org/10.1080/15434303.2016.1246552,,0,1,
,https://doi.org/10.1080/17549507.2019.1604803,,0,1,
,https://doi.org/10.1044/0161-1461(2013/12-0037),,0,1,
,https://doi.org/10.1080/13670050.2016.1165181,,0,1,
,https://doi.org/10.2190/IC.32.4.d,,0,1,
,https://doi.org/10.1037/a0039274,,0,1,
,https://doi.org/10.1080/10888691.2013.804374,,0,1,
,https://doi.org/10.1111/j.1467-8624.2011.01665.x,,0,1,
,https://doi.org/10.1044/0161-1461(2011/10-0078),,0,1,
,https://doi.org/10.1590/2317-1782/20182017148,,0,1,
,https://doi.org/10.19272/201807701003,,0,1,
,https://doi.org/10.1111/jcpp.12082,,0,1,
,https://doi.org/10.1097/TLD.0000000000000102,,0,1,
,https://doi.org/10.1044/1058-0360(2011/10-0090),,0,1,
,https://doi.org/10.3109/17549507.2014.941934,,0,1,
,https://doi.org/10.1037/a0027182,,0,1,
,https://doi.org/10.1177/0142723714525945,,0,1,
,https://doi.org/10.1016/j.ecresq.2017.12.001,,0,1,
,https://doi.org/10.1080/09362835.2012.724625,,0,1,
,https://doi.org/10.1177/0265532209355669,,0,1,
,https://doi.org/10.1080/10400419.2016.1229989,,0,1,
,https://doi.org/10.1111/1460-6984.12177,,0,1,
,https://doi.org/10.1111/1460-6984.12044,,0,1,
,https://doi.org/10.1080/17549507.2019.1648550,,0,1,
,https://doi.org/10.3389/fpsyg.2014.00391,,0,1,
,https://doi.org/10.1016/j.ecresq.2020.09.001,,0,1,
,https://doi.org/10.1017/S0142716415000405,,0,1,
,https://doi.org/10.3109/17549507.2014.977348,,0,1,
,https://doi.org/10.1177/0142723716689692,,0,1,
,https://doi.org/10.1044/2018_LSHSS-17-0152,,0,1,
,https://doi.org/10.1891/1945-8959.17.1.97,,0,1,
,https://doi.org/10.1080/10862961003796173,,0,1,
,https://doi.org/10.1044/1092-4388(2009/09-0001),,0,1,
,https://doi.org/10.1007/s10864-019-09354-5,,0,1,
,https://doi.org/10.1080/00221325.2019.1613342,,0,1,
,https://doi.org/10.1044/0161-1461(2011/10-0063),,0,1,
,https://doi.org/10.1044/0161-1461(2011/11-0024),,0,1,
,https://doi.org/10.1016/j.jcomdis.2021.106088,,0,1,
,https://doi.org/10.1037/a0037769,,0,1,
,https://doi.org/10.1086/683135,,0,1,
,https://doi.org/10.3109/02699206.2013.782568,,0,1,
,https://doi.org/10.1002/RRQ.020,,0,1,
,https://doi.org/10.1080/10409289.2013.778567,,0,1,
,https://doi.org/10.1177/0741932518762055,,0,1,
,https://doi.org/10.1111/j.1460-6984.2011.00146.x,,0,1,
,https://doi.org/10.1177/0265532210382446,,0,1,
,https://doi.org/10.1016/j.jecp.2020.104813,,0,1,
,https://doi.org/10.1044/2015_AJSLP-14-0101,,0,1,
,,,0,1,
,https://doi.org/10.1007/s10803-019-03969-3,,0,1,
,https://doi.org/10.1177/1359104513487001,,0,1,
,https://doi.org/10.1044/1058-0360(2013/12-0164),,0,1,
,https://doi.org/10.1016/j.ecresq.2015.01.006,,0,1,
,,,0,1,
,,,0,1,
,https://doi.org/10.1177/0142723718810605,,0,1,
,https://doi.org/10.1044/2020_JSLHR-19-00100,,0,1,
,https://doi.org/10.1007/s11145-017-9724-6,,0,1,
,https://doi.org/10.1044/2016_JSLHR-L-15-0133,,0,1,
,https://doi.org/10.1086/697510,,0,1,
,https://doi.org/10.1111/1460-6984.12306,,0,1,
,https://doi.org/10.1007/s11145-018-9844-7,,0,1,
,,,0,1,
,,,0,1,
,,,0,1,
,https://doi.org/10.1177/0265659010369991,,0,1,
,https://doi.org/10.1080/15235882.2018.1456984,,0,1,
,https://doi.org/10.1044/0161-1461(2012/12-0021),,0,1,
,https://doi.org/10.1044/2013_LSHSS-12-0099,,0,1,
,https://doi.org/10.1007/s11145-019-09989-w,,0,1,
,,,0,1,
,,,0,1,
,,,0,1,
,,,0,1,
,,,0,1,
,,,0,1,
,,,0,1,
,https://doi.org/10.1044/2019_JSLHR-19-00087,,0,1,
,,,0,1,
,,,0,1,
,,,0,1,
,https://doi.org/10.1080/15235882.2020.1826367,,0,1,
,https://doi.org/10.37213/cjal.2020.30461,,0,1,
,,,0,1,
,,,0,1,
,,,0,1,
,https://doi.org/10.1044/2020_LSHSS-20-001n,,0,1,
,https://doi.org/10.1044/2020_JSLHR-19-00175,,0,1,
,https://doi.org/10.1044/2020_LSHSS-19-00120,,0,1,
,https://doi.org/10.1044/2020_LSHSS-20-00013,,0,1,
,https://doi.org/10.1044/2020_LSHSS-20-00033,,0,1,
,https://doi.org/10.1044/2020_LSHSS-20-00043,,0,1,
,https://doi.org/10.1017/S0142716420000703,,0,1,
,https://doi.org/10.1007/s10643-020-01052-6,,0,1,
,https://doi.org/10.1017/S0142716420000284,,0,1,
,https://doi.org/10.1044/2020_JSLHR-20-00082,,0,1,
,https://doi.org/10.1017/S0305000920000057,,0,1,
,https://doi.org/10.1044/2020_JSLHR-19-00008,,0,1,
,https://doi.org/10.1044/2019_AJSLP-19-00146,,0,1,
,https://doi.org/10.1044/2019_LSHSS-19-00082,,0,1,
,https://doi.org/10.1044/2020_LSHSS-19-00063,,0,1,
,https://doi.org/10.1007/s10936-020-09703-w,,0,1,
,https://doi.org/10.1044/2020_LSHSS-19-00055,,0,1,
,https://doi.org/10.1044/2019_LSHSS-19-00044,,0,1,
,https://doi.org/10.1044/2019_LSHSS-18-0090,,0,1,
,,,0,1,
,https://doi.org/10.1044/2019_LSHSS-OCHL-19-0020,,0,1,
,https://doi.org/10.1007/s10803-019-04254-z,,0,1,
,https://doi.org/10.1017/S0142716419000419,,0,1,
,https://doi.org/10.1044/2019_AJSLP-18-0228,,0,1,
,https://doi.org/10.1044/2019_AJSLP-19-0012,,0,1,
,https://doi.org/10.6018/analesps.35.3.327941,,0,1,
,https://doi.org/10.1044/2019_AJSLP-18-0143,,0,1,
,https://doi.org/10.1007/s10826-019-01446-0,,0,1,
,https://doi.org/10.1007/s00426-019-01199-x,,0,1,
,https://doi.org/10.1007/s10936-018-09625-8,,0,1,
,https://doi.org/10.1007/s10803-018-03873-2,,0,1,
,https://doi.org/10.1007/s10936-018-9614-3,,0,1,
,https://doi.org/10.1007/s10803-018-3815-3,,0,1,
,https://doi.org/10.1007/s10936-018-9600-9,,0,1,
,https://doi.org/10.1186/s13229-019-0268-2,,0,1,
,https://doi.org/10.1044/2018_JSLHR-L-18-0054,,0,1,
,https://doi.org/10.1017/S0305000918000235,,0,1,
,https://doi.org/10.1007/s10643-018-0916-8,,0,1,
,https://doi.org/10.1044/2018_JSLHR-L-17-0313,,0,1,
,https://doi.org/10.1007/s10803-018-3577-y,,0,1,
,https://doi.org/10.1044/2018_LSHSS-17-0030,,0,1,
,https://doi.org/10.1044/2018_LSHSS-17-0105,,0,1,
,https://doi.org/10.1044/2018_JSLHR-L-16-0432,,0,1,
,https://doi.org/10.1044/2017_LSHSS-17-0047,,0,1,
,https://doi.org/10.1007/s11218-017-9411-0,,0,1,
,https://doi.org/10.1186/s40359-018-0239-y,,0,1,
,https://doi.org/10.1017/S0305000917000149,,0,1,
,https://doi.org/10.1044/2017_LSHSS-17-0003,,0,1,
,https://doi.org/10.1017/S0305000916000507,,0,1,
,https://doi.org/10.1352/1944-7558-122.4.310,,0,1,
,https://doi.org/10.1017/S0305000916000234,,0,1,
,https://doi.org/10.1044/2016_JSLHR-L-16-0026,,0,1,
,https://doi.org/10.1044/2016_JSLHR-L-15-0426,,0,1,
,https://doi.org/10.1007/s10803-016-2964-5,,0,1,
,https://doi.org/10.1136/bmjopen-2017-016574,,0,1,
,https://doi.org/10.1044/2016_LSHSS-16-0007,,0,1,
,https://doi.org/10.1017/S0142716416000163,,0,1,
,https://doi.org/10.1044/2016_JSLHR-L-15-0275,,0,1,
,https://doi.org/10.1044/2016_LSHSS-15-0036,,0,1,
,https://doi.org/10.1044/2016_JSLHR-L-15-0064,,0,1,
,https://doi.org/10.1007/s10936-015-9398-7,,0,1,
,https://doi.org/10.1017/S014271641500051X,,0,1,
,https://doi.org/10.1044/2016_AJSLP-15-0038,,0,1,
,https://doi.org/10.1017/S0142716415000314,,0,1,
,https://doi.org/10.1044/2015_JSLHR-L-15-0052,,0,1,
,https://doi.org/10.1044/2015_JSLHR-L-15-0022,,0,1,
,https://doi.org/10.1007/s10484-015-9322-9,,0,1,
,https://doi.org/10.1017/S0142716415000211,,0,1,
,,,0,1,
,https://doi.org/10.1007/s10803-015-2620-5,,0,1,
,https://doi.org/10.1007/s10643-014-0676-z,,0,1,
,https://doi.org/10.1017/S0142716415000417,,0,1,
,https://doi.org/10.1017/S0142716415000442,,0,1,
,https://doi.org/10.1017/S0142716415000466,,0,1,
,https://doi.org/10.1017/S0305000915000070,,0,1,
,https://doi.org/10.1017/S0142716414000514,,0,1,
,https://doi.org/10.1017/S0142716414000319,,0,1,
,https://doi.org/10.1044/2015_JSLHR-L-14-0290,,0,1,
,https://doi.org/10.1044/2015_JSLHR-L-14-0015,,0,1,
,https://doi.org/10.1177/0265659014548518,,0,1,
,https://doi.org/10.1017/S0142716413000301,,0,1,
,https://doi.org/10.1044/2014_AJSLP-13-0150,,0,1,
,https://doi.org/10.1044/2014_JSLHR-L-13-0151,,0,1,
,https://doi.org/10.1007/s10803-014-2158-y,,0,1,
,https://doi.org/10.1044/2014_LSHSS-14-0034,,0,1,
,https://doi.org/10.1177/0265659013513028,,0,1,
,https://doi.org/10.1044/2014_LSHSS-13-0008,,0,1,
,https://doi.org/10.1007/s10803-014-2042-9,,0,1,
,https://doi.org/10.1017/S0305000913000160,,0,1,
,https://doi.org/10.1017/S0142716412000537,,0,1,
,https://doi.org/10.1017/S030500091300007X,,0,1,
,https://doi.org/10.1017/S0954579413000904,,0,1,
,https://doi.org/10.13110/merrpalmquar1982.59.4.0426,,0,1,
,https://doi.org/10.1177/1053815114540002,,0,1,
,https://doi.org/10.1017/S0142716412000094,,0,1,
,https://doi.org/10.1007/s10803-012-1736-0,,0,1,
,https://doi.org/10.1353/aad.2013.0028,,0,1,
,https://doi.org/10.1044/0161-1461(2013/12-0034),,0,1,
,https://doi.org/10.1007/s10643-012-0554-5,,0,1,
,https://doi.org/10.1016/j.neuroimage.2012.08.049,,0,1,
,,,0,1,
,https://doi.org/10.1159/000341160,,0,1,
,https://doi.org/10.1177/0265659012456029,,0,1,
,https://doi.org/10.1044/0161-1461(2011/11-0022),,0,1,
,https://doi.org/10.1007/s10566-011-9142-x,,0,1,
,https://doi.org/10.1007/s10862-011-9249-2,,0,1,
,https://doi.org/10.1044/1092-4388(2011/10-0247),,0,1,
,https://doi.org/10.1044/1092-4388(2011/10-0079),,0,1,
,https://doi.org/10.1177/0265659010393536,,0,1,
,https://doi.org/10.1044/0161-1461(2011/10-0038),,0,1,
,https://doi.org/10.1044/0161-1461(2010/10-0052),,0,1,
,https://doi.org/10.1017/S0142716410000408,,0,1,
,https://doi.org/10.1044/1092-4388(2010/10-0010),,0,1,
,https://doi.org/10.1044/0161-1461(2010/09-0040),,0,1,
,https://doi.org/10.1177/1053815110379124,,0,1,
,https://doi.org/10.1044/1058-0360(2009/08-0024),,0,1,
,https://doi.org/10.1044/1092-4388(2009/08-0225),,0,1,
,https://doi.org/10.1007/s10802-009-9377-2,,0,1,
,https://doi.org/10.1007/s11145-020-10074-w,,0,1,
,https://doi.org/10.2478/jped-2020-0011,,0,1,
,https://doi.org/10.1007/s11145-019-10010-7,,0,1,
,https://doi.org/10.1080/2331186X.2020.1758288,,0,1,
,https://doi.org/10.30964/AUEBFD.556553,,0,1,
,https://doi.org/10.1007/s11145-017-9790-9,,0,1,
,https://doi.org/10.1007/s10882-017-9551-3,,0,1,
,https://doi.org/10.1007/s10212-016-0314-9,,0,1,
,https://doi.org/10.5944/educXX1.11919,,0,1,
,https://doi.org/10.24130/eccd-jecs.196720171235,,0,1,
,https://doi.org/10.1007/s11145-016-9670-8,,0,1,
,https://doi.org/10.1007/s10212-015-0273-6,,0,1,
,https://doi.org/10.1007/s11145-015-9618-4,,0,1,
,https://doi.org/10.1007/s11145-015-9617-5,,0,1,
,https://doi.org/10.1177/1367006914534330,,0,1,
,https://doi.org/10.1007/s11145-015-9560-5,,0,1,
,https://doi.org/10.1007/s11145-015-9542-7,,0,1,
,,,0,1,
,,,0,1,
,https://doi.org/10.1007/s11145-013-9481-0,,0,1,
,https://doi.org/10.1007/s10212-013-0197-y,,0,1,
,,,0,1,
,https://doi.org/10.17955/tvr.112.2.673,,0,1,
,,,0,1,
,,,0,1,
,https://doi.org/10.1007/s11145-009-9173-y,,0,1,
,https://doi.org/10.1111/modl.12396,,0,1,
,https://doi.org/10.1177/0022219417708171,,0,1,
,https://doi.org/10.1590/2317-1782/20192019015,,0,1,
,https://doi.org/10.1017/sjp.2015.7,,0,1,
,https://doi.org/10.3109/17549507.2014.979878,,0,1,
,https://doi.org/10.1080/02702711.2018.1552433,,0,1,
,https://doi.org/10.3109/17549507.2011.632025,,0,1,
,https://doi.org/10.1044/2016_LSHSS-16-0041,,0,1,
,https://doi.org/10.3389/fpsyg.2017.00719,,0,1,
,https://doi.org/10.1177/0741088318819473,,0,1,
,https://doi.org/10.1080/17405629.2018.1555459,,0,1,
,https://doi.org/10.1177/0265532214564504,,0,1,
,https://doi.org/10.1159/000485974,,0,1,
,https://doi.org/10.1371/journal.pone.0213492,,0,1,
,https://doi.org/10.1037/a0037210,,0,1,
,https://doi.org/10.1177/1525740112465001,,0,1,
,https://doi.org/10.1044/2020_JSLHR-20-00471,,0,1,
,https://doi.org/10.1044/2020_LSHSS-19-00036,,0,1,
,https://doi.org/10.1044/2018_JSLHR-L-17-0320,,0,1,
,https://doi.org/10.1007/s10882-018-9608-y,,0,1,
,https://doi.org/10.1044/2017_JSLHR-L-16-0335,,0,1,
,https://doi.org/10.1007/s11145-016-9651-y,,0,1,
,https://doi.org/10.1007/s11145-015-9576-x,,0,1,
,https://doi.org/10.1044/2015_LSHSS-14-0070,,0,1,
,https://doi.org/10.1044/2014_LSHSS-13-0035,,0,1,
,https://doi.org/10.1044/1092-4388(2013/12-0347),,0,1,
,https://doi.org/10.1044/0161-1461(2013/12-0074),,0,1,
,https://doi.org/10.1044/0161-1461(2011/10-0099),,0,1,
,https://doi.org/10.1044/0161-1461(2009/09-0023),,0,1,
,https://doi.org/10.1044/2020_AJSLP-19-00176,,0,1,
,https://doi.org/10.1044/1092-4388(2012/11-0016),,0,1,
,https://doi.org/10.1111/j.1471-3802.2010.01147.x,,0,1,
,https://doi.org/10.3389/fpsyg.2018.00944,,0,1,
,https://doi.org/10.1111/1460-6984.12081,,0,1,
,https://doi.org/10.1007/s10803-020-04596-z,,0,1,
,https://doi.org/10.1037/dev0001166,,0,1,
,https://doi.org/10.1016/j.adolescence.2019.12.003,,0,1,
,https://doi.org/10.1007/s10802-014-9899-0,,0,1,
,https://doi.org/10.1016/j.tsc.2014.02.005,,0,1,
,https://doi.org/10.6018/analesps.35.2.331441,,0,1,
,https://doi.org/10.1017/S0305000912000062,,0,1,
,https://doi.org/10.1017/S0305000913000585,,0,1,
,https://doi.org/10.1177/1525740117722507,,0,1,
,https://doi.org/10.1177/1525740118763063,,0,1,
,,,0,1,
,https://doi.org/10.18800/psico.201301.001,,0,1,
,https://doi.org/10.1007/s11145-018-9901-2,,0,1,
,https://doi.org/10.3389/fpsyg.2017.02027,,0,1,
,https://doi.org/10.3109/17549507.2016.1159332,,0,1,
,https://doi.org/10.1371/journal.pone.0229985,,0,1,
,https://doi.org/10.5665/sleep.2380,,0,1,
,https://doi.org/10.3109/17549500903194125,,0,1,
,https://doi.org/10.1016/j.neuropsychologia.2013.09.002,,0,1,
,https://doi.org/10.1080/17405629.2016.1152175,,0,1,
,https://doi.org/10.1016/j.cognition.2016.11.007,,0,1,
,https://doi.org/10.1044/1092-4388(2013/13-0097),,0,1,
,https://doi.org/10.1016/j.ecresq.2015.12.025,,0,1,
,https://doi.org/10.3916/C67-2021-09,,0,1,
,https://doi.org/10.5817/SP2016-4-4,,0,1,
,https://doi.org/10.1007/s10936-017-9476-0,,0,1,
,https://doi.org/10.1177/0142723714535875,,0,1,
,https://doi.org/10.1177/0265659018780960,,0,1,
,https://doi.org/10.1044/2015_JSLHR-L-14-0140,,0,1,
,https://doi.org/10.1017/S0305000915000628,,0,1,
,https://doi.org/10.11144/Javeriana.upsy14-2.ermn,,0,1,
,https://doi.org/10.2478/plc-2019-0005,,0,1,
,https://doi.org/10.1080/03004430.2018.1521807,,0,1,
,https://doi.org/10.1177/0142723716679798,,0,1,
,https://doi.org/10.1007/s11145-012-9379-2,,0,1,
,https://doi.org/10.1037/a0018329,,0,1,
,https://doi.org/10.3109/17549507.2015.1101158,,0,1,
,https://doi.org/10.1016/j.ridd.2010.10.001,,0,1,
,https://doi.org/10.1016/j.jecp.2015.03.005,,0,1,
,https://doi.org/10.1177/1525740114524051,,0,1,
,https://doi.org/10.1016/j.ridd.2019.103518,,0,1,
,https://doi.org/10.1177/0142723719831927,,0,1,
,https://doi.org/10.1111/cdev.12450,,0,1,
,https://doi.org/10.1177/1525740118779767,,0,1,
,https://doi.org/10.1016/j.chb.2018.03.039,,0,1,
,https://doi.org/10.1111/1471-3802.12527,,0,1,
,https://doi.org/10.1348/026151010X533238,,0,1,
,https://doi.org/10.1016/j.jcomdis.2015.03.002,,0,1,
,https://doi.org/10.3109/17549500903414440,,0,1,
,https://doi.org/10.1016/j.yebeh.2013.11.013,,0,1,
,,,0,1,
,https://doi.org/10.1111/j.1467-7687.2009.00920.x,,0,1,
,https://doi.org/10.1080/17549507.2019.1598493,,0,1,
,,,0,1,
,https://doi.org/10.1186/s11689-015-9111-z,,0,1,
,https://doi.org/10.1044/2017_JSLHR-L-17-0015,,0,1,
,https://doi.org/10.1044/2019_JSLHR-19-00187,,0,1,
,https://doi.org/10.1080/02103702.2016.1189118,,0,1,
,https://doi.org/10.1007/s11145-021-10169-y,,0,1,
,https://doi.org/10.1016/j.jfludis.2013.01.003,,0,1,
,https://doi.org/10.1111/1460-6984.12025,,0,1,
,https://doi.org/10.1080/15475441.2016.1162721,,0,1,
,https://doi.org/10.1016/j.ridd.2014.06.015,,0,1,
,https://doi.org/10.1044/1092-4388(2009/09-0006),,0,1,
,https://doi.org/10.1080/10409280903440620,,0,1,
,https://doi.org/10.1016/j.rlfa.2013.07.004,,0,1,
,https://doi.org/10.1016/j.cognition.2010.05.014,,0,1,
,https://doi.org/10.3109/02699201003736403,,0,1,
,https://doi.org/10.1353/aad.2011.0033,,0,1,
,https://doi.org/10.1017/S0305000917000319,,0,1,
,https://doi.org/10.1007/s10639-017-9653-7,,0,1,
,https://doi.org/10.1044/2016_AJSLP-15-0157,,0,1,
,https://doi.org/10.1017/S0305000920000562,,0,1,
,https://doi.org/10.1017/S0142716411000828,,0,1,
,https://doi.org/10.1044/1092-4388(2013/12-0176),,0,1,
,https://doi.org/10.1044/2017_JSLHR-L-16-0318,,0,1,
,https://doi.org/10.1007/s11145-013-9462-3,,0,1,
,https://doi.org/10.1017/S1366728911000538,,0,1,
,https://doi.org/10.1044/2020_JSLHR-20-00265,,0,1,
,https://doi.org/10.1044/2015_JSLHR-L-14-0295,,0,1,
,https://doi.org/10.1044/1092-4388(2010/09-0022),,0,1,
,https://doi.org/10.1044/1058-0360(2013/11-0055),,0,1,
,https://doi.org/10.1017/S030500091000036X,,0,1,
,https://doi.org/10.1016/j.ridd.2021.104109,,0,1,
,https://doi.org/10.1044/2022_JSLHR-21-00414,,0,1,
,https://doi.org/10.1016/j.rlfa.2021.02.001,,0,1,
,https://doi.org/10.1177/1086296X231200818,,0,1,
,https://doi.org/10.1177/2396941520968028,,0,1,
,,,0,1,
,https://doi.org/10.1044/2021_LSHSS-21-00129,,0,1,
,https://doi.org/10.1037/dev0001332,,0,1,
,https://doi.org/10.1044/2022_LSHSS-22-00117,,0,1,
,https://doi.org/10.1080/14643154.2020.1721158,,0,1,
,https://doi.org/10.1080/10888691.2022.2045200,,0,1,
,https://doi.org/10.1044/2022_LSHSS-21-00190,,0,1,
,https://doi.org/10.1044/2021_LSHSS-21-00062,,0,1,
,https://doi.org/10.1044/2021_LSHSS-21-00065,,0,1,
,https://doi.org/10.1136/bmjopen-2023-077145,,0,1,
,https://doi.org/10.1177/13670069221077306,,0,1,
,,,0,1,
,https://doi.org/10.17759/chp.2022180105,,0,1,
,https://doi.org/10.1111/1460-6984.12938,,0,1,
,https://doi.org/10.1080/03004430.2021.1891050,,0,1,
,https://doi.org/10.1080/02699206.2023.2273750,,0,1,
,https://doi.org/10.1037/edu0000744,,0,1,
,https://doi.org/10.1007/s10803-022-05678-w,,0,1,
,https://doi.org/10.1017/S030500092100057X,,0,1,
,https://doi.org/10.1007/s10803-023-06096-2,,0,1,
,https://doi.org/10.3389/fpsyg.2021.721283,,0,1,
,https://doi.org/10.1016/j.jecp.2021.105233,,0,1,
,https://doi.org/10.1080/10409289.2020.1820825,,0,1,
,https://doi.org/10.1080/17549507.2021.1914729,,0,1,
,https://doi.org/10.1007/s10212-023-00736-y,,0,1,
,https://doi.org/10.1016/j.jcomdis.2022.106199,,0,1,
,https://doi.org/10.1044/2022_JSLHR-22-00002,,0,1,
,https://doi.org/10.1080/1475939X.2015.1127855,,0,0,
,https://doi.org/10.1111/j.1365-2214.2009.01026.x,,0,0,
,https://doi.org/10.1176/appi.neuropsych.19120357,,0,0,
,https://doi.org/10.1177/0886260514534530,,0,0,
,https://doi.org/10.1037/edu0000430,,0,0,
,https://doi.org/10.1097/TLD.0000000000000045,,0,0,
,https://doi.org/10.1111/1440-1630.12539,,0,0,
,https://doi.org/10.1080/14616734.2015.1042487,,0,0,
,https://doi.org/10.1080/14616734.2018.1429477,,0,0,
,https://doi.org/10.1016/j.ridd.2017.01.017,,0,0,
,https://doi.org/10.1177/0020872812445197,,0,0,
,https://doi.org/10.1111/jocn.12397,,0,0,
,https://doi.org/10.1177/1525740114540202,,0,0,
,https://doi.org/10.1097/HTR.0000000000000419,,0,0,
,https://doi.org/10.1111/j.1468-3148.2009.00529.x,,0,0,
,,,0,0,
,https://doi.org/10.1007/s10648-014-9267-1,,0,0,
,https://doi.org/10.1080/10573569.2015.1102111,,0,0,
,https://doi.org/10.1055/s-0032-1310315,,0,0,
,https://doi.org/10.1037/spq0000193,,0,0,
,https://doi.org/10.1016/j.jad.2020.02.032,,0,0,
,https://doi.org/10.1080/17518423.2017.1369189,,0,0,
,https://doi.org/10.1177/1362361313508230,,0,0,
,,,0,0,
,https://doi.org/10.11124/JBISRIR-2017-003695,,0,0,
,https://doi.org/10.1007/s10882-014-9403-3,,0,0,
,https://doi.org/10.1177/1359104518794783,,0,0,
,https://doi.org/10.5209/rev_PSIC.2015.v12.n1.48910,,0,0,
,https://doi.org/10.1891/1945-8959.13.1.88,,0,0,
,,,0,0,
,https://doi.org/10.1007/s10879-015-9317-0,,0,0,
,,,0,0,
,https://doi.org/10.1002/anzf.1071,,0,0,
,https://doi.org/10.1080/15401383.2019.1645630,,0,0,
,https://doi.org/10.1007/s00127-015-1069-3,,0,0,
,https://doi.org/10.1080/1034912X.2011.570496,,0,0,
,https://doi.org/10.1007/s10803-019-04309-1,,0,0,
,https://doi.org/10.3109/02699206.2012.752527,,0,0,
,https://doi.org/10.1080/10439463.2014.942850,,0,0,
,https://doi.org/10.1037/edu0000342,,0,0,
,https://doi.org/10.1080/01459740.2016.1145219,,0,0,
,https://doi.org/10.1044/2015_LSHSS-14-0084,,0,0,
,https://doi.org/10.3389/fpsyg.2020.573780,,0,0,
,https://doi.org/10.1080/09658211.2018.1474929,,0,0,
,https://doi.org/10.1097/TLD.0000000000000142,,0,0,
,https://doi.org/10.1044/0161-1461(2011/10-0047),,0,0,
,https://doi.org/10.1159/000356770,,0,0,
,https://doi.org/10.1044/1092-4388(2009/08-0160),,0,0,
,https://doi.org/10.1080/02667363.2016.1206848,,0,0,
,https://doi.org/10.3389/fpsyg.2016.00394,,0,0,
,https://doi.org/10.1037/h0101059,,0,0,
,https://doi.org/10.1111/cfs.12370,,0,0,
,https://doi.org/10.1016/j.adolescence.2020.01.005,,0,0,
,https://doi.org/10.1017/S0142716415000399,,0,0,
,https://doi.org/10.1111/hsc.12201,,0,0,
,https://doi.org/10.1177/1524838018764164,,0,0,
,https://doi.org/10.3109/17549507.2014.904441,,0,0,
,,,0,0,
,https://doi.org/10.1093/fampra/cmx003,,0,0,
,https://doi.org/10.1111/j.1365-2214.2011.01294.x,,0,0,
,https://doi.org/10.1111/lang.12101,,0,0,
,https://doi.org/10.1097/XEB.0000000000000085,,0,0,
,https://doi.org/10.1353/aad.2015.0027,,0,0,
,https://doi.org/10.1044/2015_LSHSS-14-0057,,0,0,
,https://doi.org/10.3389/fpsyg.2019.01784,,0,0,
,https://doi.org/10.1080/10888438.2015.1059838,,0,0,
,https://doi.org/10.1037/a0021043,,0,0,
,,,0,0,
,https://doi.org/10.1080/14616734.2019.1575548,,0,0,
,https://doi.org/10.1017/S1366728920000498,,0,0,
,https://doi.org/10.3389/fpsyg.2012.00197,,0,0,
,https://doi.org/10.1093/bjsw/bcx066,,0,0,
,https://doi.org/10.1097/JPN.0000000000000011,,0,0,
,https://doi.org/10.1016/j.linged.2014.10.008,,0,0,
,https://doi.org/10.1016/j.rasd.2018.11.003,,0,0,
,https://doi.org/10.1007/s11145-015-9590-z,,0,0,
,https://doi.org/10.1016/j.jcomdis.2015.10.002,,0,0,
,https://doi.org/10.1093/heapol/czt026,,0,0,
,https://doi.org/10.1080/09588221.2018.1517094,,0,0,
,https://doi.org/10.1080/0163853X.2014.910341,,0,0,
,https://doi.org/10.3389/fpsyg.2016.00419,,0,0,
,https://doi.org/10.1111/tops.12457,,0,0,
,https://doi.org/10.1016/j.langsci.2012.05.002,,0,0,
,https://doi.org/10.1037/a0030347,,0,0,
,https://doi.org/10.1177/0265659012467994,,0,0,
,https://doi.org/10.1177/0022219417712016,,0,0,
,https://doi.org/10.1111/j.1365-2214.2011.01329.x,,0,0,
,https://doi.org/10.1002/da.20744,,0,0,
,https://doi.org/10.1037/pri0000028,,0,0,
,,,0,0,
,,,0,0,
,https://doi.org/10.1080/09500782.2020.1724140,,0,0,
,https://doi.org/10.1353/ETC.2018.0008,,0,0,
,https://doi.org/10.1037/a0029321,,0,0,
,https://doi.org/10.1002/trtr.1454,,0,0,
,,,0,0,
,https://doi.org/10.1002/TRTR.01057,,0,0,
,,,0,0,
,,,0,0,
,,,0,0,
,,,0,0,
,,,0,0,
,,,0,0,
,,,0,0,
,,,0,0,
,https://doi.org/10.21153/tesol2017vol26no1art705705,,0,0,
,,,0,0,
,,,0,0,
,,,0,0,
,,,0,0,
,https://doi.org/10.14221/ajte.202v45n11.6,,0,0,
,,,0,0,
,,,0,0,
,,,0,0,
,https://doi.org/10.1007/s10560-020-00681-5,,0,0,
,https://doi.org/10.1007/s10803-020-04645-7,,0,0,
,,,0,0,
,https://doi.org/10.1007/s10775-020-09425-4,,0,0,
,https://doi.org/10.1044/2020_JSLHR-20-00520,,0,0,
,https://doi.org/10.1044/2020_LSHSS-20-00025,,0,0,
,https://doi.org/10.1044/2020_LSHSS-20-00016,,0,0,
,https://doi.org/10.1044/2020_LSHSS-20-00030,,0,0,
,https://doi.org/10.1044/2020_LSHSS-20-00062,,0,0,
,https://doi.org/10.1044/2020_AJSLP-19-00055,,0,0,
,https://doi.org/10.1044/2020_JSLHR-20-00202,,0,0,
,https://doi.org/10.1007/s11423-020-09815-z,,0,0,
,https://doi.org/10.1007/s10826-020-01842-x,,0,0,
,https://doi.org/10.1007/s10936-020-09734-3,,0,0,
,https://doi.org/10.1186/s41155-020-00148-7,,0,0,
,https://doi.org/10.1044/2020_JSLHR-20-00230,,0,0,
,https://doi.org/10.1017/S014271642000017X,,0,0,
,https://doi.org/10.1044/2020_LSHSS-19-00095,,0,0,
,https://doi.org/10.1044/2020_LSHSS-20-00015,,0,0,
,https://doi.org/10.1044/2020_LSHSS-20-00004,,0,0,
,https://doi.org/10.1044/2020_LSHSS-20-00045,,0,0,
,https://doi.org/10.18863/pgy.676439,,0,0,
,https://doi.org/10.1044/2020_JSLHR-20-00036,,0,0,
,https://doi.org/10.1044/2019_AJSLP-19-00008,,0,0,
,https://doi.org/10.1044/2020_LSHSS-19-00083,,0,0,
,https://doi.org/10.1044/2020_lshss-19-00039,,0,0,
,https://doi.org/10.1044/2020_LSHSS-19-00053,,0,0,
,https://doi.org/10.1017/S0305000919000837,,0,0,
,https://doi.org/10.1007/s10803-019-03955-9,,0,0,
,https://doi.org/10.1007/s10826-019-01592-5,,0,0,
,https://doi.org/10.3758/s13423-019-01670-1,,0,0,
,https://doi.org/10.1007/s10803-019-04358-6,,0,0,
,https://doi.org/10.1017/S0305000919000710,,0,0,
,https://doi.org/10.1007/s10803-019-04288-3,,0,0,
,https://doi.org/10.1017/S0954579418001487,,0,0,
,https://doi.org/10.1186/s12888-020-02931-3,,0,0,
,https://doi.org/10.2478/plc-2020-0003,,0,0,
,,,0,0,
,https://doi.org/10.1044/2019_JSLHR-19-00153,,0,0,
,https://doi.org/10.1017/S0305000919000655,,0,0,
,https://doi.org/10.1007/s10643-019-00977-x,,0,0,
,https://doi.org/10.1044/2019_AJSLP-18-0161,,0,0,
,https://doi.org/10.1044/2019_AJSLP-18-0196,,0,0,
,https://doi.org/10.1017/S1366728918001013,,0,0,
,https://doi.org/10.1044/2019_AJSLP-IDLL-18-0251,,0,0,
,https://doi.org/10.1044/2019_AJSLP-18-0202,,0,0,
,https://doi.org/10.1044/2019_AJSLP-18-0160,,0,0,
,https://doi.org/10.18863/pgy.455511,,0,0,
,https://doi.org/10.1044/2019_LSHSS-18-0128,,0,0,
,https://doi.org/10.1007/s10936-018-9622-3,,0,0,
,https://doi.org/10.1044/2018_JSLHR-L-18-0145,,0,0,
,,,0,0,
,,,0,0,
,https://doi.org/10.1044/2018_LSHSS-18-0017,,0,0,
,https://doi.org/10.1044/2018_JSLHR-L-18-0224,,0,0,
,https://doi.org/10.1044/2019_JSLHR-L-ASTM-18-0234,,0,0,
,https://doi.org/10.1044/2018_JSLHR-L-ASTM-18-0250,,0,0,
,https://doi.org/10.1017/S014271641800070X,,0,0,
,https://doi.org/10.1044/2018_JSLHR-H-17-0310,,0,0,
,https://doi.org/10.13110/merrpalmquar1982.65.1.0101,,0,0,
,https://doi.org/10.2478/plc-2019-0004,,0,0,
,https://doi.org/10.1044/2018_LSHSS-18-0015,,0,0,
,https://doi.org/10.1044/2018_JSLHR-L-18-0079,,0,0,
,https://doi.org/10.1044/2018_JSLHR-L-18-0074,,0,0,
,https://doi.org/10.1353/aad.2019.0001,,0,0,
,https://doi.org/10.1007/s10803-018-3756-x,,0,0,
,https://doi.org/10.1044/2018_AJSLP-18-0015,,0,0,
,https://doi.org/10.1007/s10826-018-1196-z,,0,0,
,https://doi.org/10.13110/merrpalmquar1982.64.4.0483,,0,0,
,https://doi.org/10.13110/merrpalmquar1982.64.4.0459,,0,0,
,https://doi.org/10.1044/2018_JSLHR-L-17-0416,,0,0,
,https://doi.org/10.1007/s10803-018-3632-8,,0,0,
,https://doi.org/10.1007/s10803-018-3614-x,,0,0,
,https://doi.org/10.1007/s10826-018-1131-3,,0,0,
,https://doi.org/10.1044/2018_LSHSS-17-0121,,0,0,
,https://doi.org/10.1007/s00787-017-1075-y,,0,0,
,https://doi.org/10.1044/2018_AJSLP-16-0164,,0,0,
,https://doi.org/10.1044/2018_JSLHR-S-17-0326,,0,0,
,https://doi.org/10.1044/2017_LSHSS-17-0057,,0,0,
,https://doi.org/10.1044/2017_LSHSS-17-0053,,0,0,
,https://doi.org/10.1007/s10802-017-0324-3,,0,0,
,https://doi.org/10.1044/2017_JSLHR-L-17-0026,,0,0,
,https://doi.org/10.1007/s10803-017-3385-9,,0,0,
,https://doi.org/10.2147/NDT.S121124,,0,0,
,https://doi.org/10.11621/pir.2018.0310,,0,0,
,https://doi.org/10.1186/s40359-018-0268-6,,0,0,
,,,0,0,
,https://doi.org/10.1044/2017_JSLHR-L-16-0399,,0,0,
,https://doi.org/10.1057/s41286-017-0036-8,,0,0,
,https://doi.org/10.1044/2017_JSLHR-L-16-0129,,0,0,
,https://doi.org/10.1044/2017_JSLHR-L-16-0294,,0,0,
,https://doi.org/10.1007/s10648-016-9376-0,,0,0,
,https://doi.org/10.1353/etc.2017.0017,,0,0,
,https://doi.org/10.1044/2017_JSLHR-L-15-0402,,0,0,
,https://doi.org/10.1037/cap0000122,,0,0,
,,,0,0,
,https://doi.org/10.1044/2017_LSHSS-16-0037,,0,0,
,https://doi.org/10.1044/2017_JSLHR-L-15-0269,,0,0,
,https://doi.org/10.1044/2016_JSLHR-L-15-0246,,0,0,
,https://doi.org/10.1017/S0142716416000473,,0,0,
,https://doi.org/10.1353/ppp.2017.0020,,0,0,
,https://doi.org/10.1044/2016_JSLHR-L-15-0377,,0,0,
,https://doi.org/10.1017/S0305000916000167,,0,0,
,https://doi.org/10.1044/2016_JSLHR-L-15-0329,,0,0,
,https://doi.org/10.1007/s10803-016-2962-7,,0,0,
,,,0,0,
,https://doi.org/10.1044/2016_JSLHR-L-15-0131,,0,0,
,https://doi.org/10.1007/s10826-016-0533-3,,0,0,
,https://doi.org/10.1044/2016_JSLHR-L-15-0155,,0,0,
,https://doi.org/10.1007/s10826-016-0510-x,,0,0,
,https://doi.org/10.1177/1053815116668643,,0,0,
,https://doi.org/10.1007/s10567-016-0214-1,,0,0,
,https://doi.org/10.1044/2016_LSHSS-15-0073,,0,0,
,https://doi.org/10.1177/0014402916651848,,0,0,
,https://doi.org/10.1007/s00787-016-0835-4,,0,0,
,,,0,0,
,https://doi.org/10.1016/j.neuroimage.2016.05.039,,0,0,
,https://doi.org/10.1016/j.comppsych.2016.04.015,,0,0,
,https://doi.org/10.1007/s10803-016-2814-5,,0,0,
,https://doi.org/10.1044/2016_LSHSS-15-0032,,0,0,
,https://doi.org/10.1159/000444882,,0,0,
,https://doi.org/10.1007/s11336-014-9433-x,,0,0,
,https://doi.org/10.1044/2015_LSHSS-15-0051,,0,0,
,https://doi.org/10.1017/S0142716415000041,,0,0,
,https://doi.org/10.1044/2015_JSLHR-L-15-0038,,0,0,
,https://doi.org/10.1044/2015_JSLHR-L-15-0008,,0,0,
,https://doi.org/10.1515/plc-2016-0003,,0,0,
,https://doi.org/10.1007/s10826-015-0192-9,,0,0,
,https://doi.org/10.1017/S0142716415000478,,0,0,
,https://doi.org/10.1017/S0142716415000387,,0,0,
,https://doi.org/10.1044/2015_AJSLP-14-0166,,0,0,
,https://doi.org/10.1177/1053815115609384,,0,0,
,https://doi.org/10.1044/2015_AJSLP-14-0072,,0,0,
,https://doi.org/10.1159/000381003,,0,0,
,https://doi.org/10.1007/s10936-014-9292-8,,0,0,
,,,0,0,
,https://doi.org/10.1007/s00787-015-0714-4,,0,0,
,https://doi.org/10.1007/s10567-015-0181-y,,0,0,
,https://doi.org/10.1007/s10803-014-2271-y,,0,0,
,https://doi.org/10.1159/000371443,,0,0,
,https://doi.org/10.1044/2015_JSLHR-L-14-0042,,0,0,
,https://doi.org/10.1111/jomf.12156,,0,0,
,https://doi.org/10.1016/j.ejpal.2014.11.002,,0,0,
,https://doi.org/10.1108/TLDR-05-2014-0015,,0,0,
,https://doi.org/10.1007/s10803-014-2164-0,,0,0,
,https://doi.org/10.1044/2014_JSLHR-L-13-0330,,0,0,
,https://doi.org/10.1017/S0272263114000515,,0,0,
,https://doi.org/10.1007/s10803-014-2180-0,,0,0,
,https://doi.org/10.1159/000365848,,0,0,
,https://doi.org/10.1044/2014_AJSLP-14-0032,,0,0,
,https://doi.org/10.1044/2014_JSLHR-L-13-0064,,0,0,
,https://doi.org/10.1044/2014_JSLHR-L-13-0262,,0,0,
,https://doi.org/10.1044/2014_JSLHR-L-13-0210,,0,0,
,https://doi.org/10.1177/0265659013514069,,0,0,
,https://doi.org/10.1007/s10803-014-2130-x,,0,0,
,https://doi.org/10.1007/s10648-014-9275-1,,0,0,
,https://doi.org/10.1044/2014_JSLHR-L-12-0363,,0,0,
,https://doi.org/10.1177/0265659013519251,,0,0,
,https://doi.org/10.1017/S1366728913000424,,0,0,
,https://doi.org/10.1044/2014_LSHSS-14-0016,,0,0,
,https://doi.org/10.1044/2014_LSHSS-14-0024,,0,0,
,https://doi.org/10.1044/2014_LSHSS-14-0014,,0,0,
,https://doi.org/10.1007/s10936-013-9245-7,,0,0,
,,,0,0,
,https://doi.org/10.1007/s10643-013-0588-3,,0,0,
,https://doi.org/10.1177/0265659013512321,,0,0,
,https://doi.org/10.1177/0265659013487742,,0,0,
,https://doi.org/10.1177/0265659013492784,,0,0,
,https://doi.org/10.1159/000353896,,0,0,
,,,0,0,
,https://doi.org/10.1044/1092-4388(2013/12-0192),,0,0,
,,,0,0,
,,,0,0,
,https://doi.org/10.1007/s11881-013-0084-x,,0,0,
,https://doi.org/10.1007/s10803-013-1810-2,,0,0,
,https://doi.org/10.1017/S030500091200030X,,0,0,
,https://doi.org/10.1044/1058-0360(2012/11-0123),,0,0,
,https://doi.org/10.1044/1092-4388(2012/12-0065),,0,0,
,https://doi.org/10.1108/AMHID-03-2013-0019,,0,0,
,https://doi.org/10.1007/s10803-012-1716-4,,0,0,
,https://doi.org/10.1044/1092-4388(2012/12-0050),,0,0,
,https://doi.org/10.1007/s11199-013-0270-7,,0,0,
,https://doi.org/10.1007/s10803-012-1619-4,,0,0,
,https://doi.org/10.1007/s10803-012-1585-x,,0,0,
,https://doi.org/10.1007/s10464-012-9524-8,,0,0,
,https://doi.org/10.1007/s10643-012-0538-5,,0,0,
,https://doi.org/10.1177/0265659012459526,,0,0,
,https://doi.org/10.2147/NDT.S39687,,0,0,
,https://doi.org/10.1017/S0305000912000116,,0,0,
,,,0,0,
,https://doi.org/10.1007/s10802-012-9645-4,,0,0,
,https://doi.org/10.1044/0161-1461(2012/11-0065),,0,0,
,https://doi.org/10.1044/1092-4388(2011/10-0308),,0,0,
,https://doi.org/10.1007/s10803-011-1388-5,,0,0,
,https://doi.org/10.1353/etc.2012.0022,,0,0,
,https://doi.org/10.1044/0161-1461(2011/10-0114),,0,0,
,https://doi.org/10.1007/s10643-011-0500-y,,0,0,
,https://doi.org/10.1044/0161-1461(2011/10-0068),,0,0,
,https://doi.org/10.1044/1092-4388(2011/10-0004),,0,0,
,https://doi.org/10.1044/1092-4388(2011/10-0295),,0,0,
,https://doi.org/10.1177/0265532211421509,,0,0,
,https://doi.org/10.1089/neu.2011.1838,,0,0,
,https://doi.org/10.1017/S1366728911000459,,0,0,
,https://doi.org/10.1044/0161-1461(2011/10-0095),,0,0,
,https://doi.org/10.1007/s11881-011-0053-1,,0,0,
,https://doi.org/10.1044/0161-1461(2011/10-0071),,0,0,
,https://doi.org/10.1044/0161-1461(2011/10-0015),,0,0,
,https://doi.org/10.1159/000330296,,0,0,
,https://doi.org/10.1007/s10643-011-0452-2,,0,0,
,,,0,0,
,https://doi.org/10.1007/s10643-010-0433-x,,0,0,
,https://doi.org/10.1044/1092-4388(2010/09-0116),,0,0,
,https://doi.org/10.1007/s10578-010-0208-z,,0,0,
,https://doi.org/10.1044/0161-1461(2010/09-0068),,0,0,
,https://doi.org/10.1598/RRQ.46.1.4,,0,0,
,https://doi.org/10.1044/1092-4388(2010/08-0092),,0,0,
,https://doi.org/10.1017/S0272263110000082,,0,0,
,https://doi.org/10.1044/0161-1461(2009/08-0098),,0,0,
,https://doi.org/10.1044/1058-0360(2009/09-0015),,0,0,
,https://doi.org/10.1177/1525740109337160,,0,0,
,https://doi.org/10.1177/1525740109344220,,0,0,
,https://doi.org/10.1017/S1351324909005051,,0,0,
,https://doi.org/10.1044/1058-0360(2009/09-0028),,0,0,
,https://doi.org/10.1353/etc.0.0087,,0,0,
,https://doi.org/10.1044/0161-1461(2009/08-0086),,0,0,
,https://doi.org/10.2147/NDT.S5560,,0,0,
,https://doi.org/10.1080/19404476.2021.1893909,,0,0,
,https://doi.org/10.3390/educsci11050198,,0,0,
,https://doi.org/10.3390/educsci11050209,,0,0,
,https://doi.org/10.1007/s11145-020-10063-z,,0,0,
,https://doi.org/10.3390/educsci11010026,,0,0,
,,,0,0,
,https://doi.org/10.1007/s11159-020-09841-2,,0,0,
,https://doi.org/10.26822/iejee.2020562139,,0,0,
,,,0,0,
,https://doi.org/10.18820/2519593X/pie.v38.i2.13,,0,0,
,https://doi.org/10.3916/C62-2020-04,,0,0,
,https://doi.org/10.3390/educsci9030180,,0,0,
,https://doi.org/10.1007/s11145-018-9928-4,,0,0,
,https://doi.org/10.3390/educsci9020135,,0,0,
,https://doi.org/10.1007/s11159-019-09782-5,,0,0,
,,,0,0,
,,,0,0,
,https://doi.org/10.1007/s10671-017-9225-z,,0,0,
,,,0,0,
,https://doi.org/10.1186/s40536-018-0067-9,,0,0,
,https://doi.org/10.14812/cufej.399191,,0,0,
,,,0,0,
,https://doi.org/10.17583/ijep.2018.3480,,0,0,
,,,0,0,
,,,0,0,
,https://doi.org/10.1017/cha.2018.12,,0,0,
,https://doi.org/10.1007/s40299-017-0360-3,,0,0,
,https://doi.org/10.3390/educsci8020074,,0,0,
,,,0,0,
,https://doi.org/10.1080/2331186X.2017.1357912,,0,0,
,https://doi.org/10.1186/s40468-017-0047-y,,0,0,
,https://doi.org/10.12783/issn.2328-2967/58/4/2,,0,0,
,https://doi.org/10.1017/S0261444816000458,,0,0,
,https://doi.org/10.1177/0040059917707434,,0,0,
,https://doi.org/10.1111/flan.12261,,0,0,
,,,0,0,
,,,0,0,
,https://doi.org/10.1007/s11125-017-9414-9,,0,0,
,https://doi.org/10.1017/S0261444816000070,,0,0,
,https://doi.org/10.1007/s11145-015-9595-7,,0,0,
,https://doi.org/10.1007/s11145-015-9587-7,,0,0,
,,,0,0,
,,,0,0,
,https://doi.org/10.1017/S0261444815000348,,0,0,
,https://doi.org/10.1007/s10882-015-9441-5,,0,0,
,,,0,0,
,,,0,0,
,https://doi.org/10.1007/s11145-015-9562-3,,0,0,
,https://doi.org/10.1007/s11159-015-9490-0,,0,0,
,https://doi.org/10.17507/tpls.0503.09,,0,0,
,https://doi.org/10.4102/sajce.v5i3.339,,0,0,
,https://doi.org/10.1017/S026144481200016X,,0,0,
,https://doi.org/10.1017/S0261444814000160,,0,0,
,,,0,0,
,,,0,0,
,https://doi.org/10.1007/s11145-013-9465-0,,0,0,
,https://doi.org/10.1007/s11145-013-9445-4,,0,0,
,,,0,0,
,https://doi.org/10.1007/s10639-012-9198-8,,0,0,
,,,0,0,
,,,0,0,
,https://doi.org/10.1007/s11159-012-9312-6,,0,0,
,https://doi.org/10.1136/archdischild-2011-301501,,0,0,
,https://doi.org/10.1007/s10798-011-9194-0,,0,0,
,https://doi.org/10.1044/1059-0889(2011/10-0031),,0,0,
,,,0,0,
,,,0,0,
,https://doi.org/10.1111/j.1944-9720.2011.01121.x,,0,0,
,https://doi.org/10.1007/s10212-010-0031-8,,0,0,
,,,0,0,
,,,0,0,
,https://doi.org/10.1007/s10882-009-9175-3,,0,0,
,,,0,0,
,https://doi.org/10.1080/15434303.2019.1628238,,0,0,
,https://doi.org/10.1016/j.tsc.2016.02.002,,0,0,
,https://doi.org/10.1044/2014_AJSLP-13-0028,,0,0,
,https://doi.org/10.1111/j.1473-4192.2010.00264.x,,0,0,
,https://doi.org/10.1044/1092-4388(2012/10-0335),,0,0,
,https://doi.org/10.1007/s10936-010-9158-7,,0,0,
,https://doi.org/10.1044/2019_JSLHR-L-18-0265,,0,0,
,https://doi.org/10.1037/bdb0000030,,0,0,
,https://doi.org/10.1097/TLD.0000000000000231,,0,0,
,https://doi.org/10.11144/851,,0,0,
,https://doi.org/10.1177/0265532219826604,,0,0,
,https://doi.org/10.1007/s11145-012-9375-6,,0,0,
,,,0,0,
,https://doi.org/10.14288/bctj.v1i1.235,,0,0,
,,,0,0,
,https://doi.org/10.25115/ejrep.v10i28.1537,,0,0,
,https://doi.org/10.1007/s10936-017-9552-5,,0,0,
,https://doi.org/10.4324/9780429343421-9,,0,0,
,https://doi.org/10.1007/s10882-020-09763-9,,0,0,
,https://doi.org/10.1007/s11881-020-00208-8,,0,0,
,https://doi.org/10.1044/2020_JSLHR-20-00561,,0,0,
,https://doi.org/10.1044/2020_JSLHR-20-00379,,0,0,
,https://doi.org/10.1007/s40489-020-00200-3,,0,0,
,https://doi.org/10.1044/2020_LSHSS-20-00014,,0,0,
,https://doi.org/10.1044/2020_LSHSS-19-00067,,0,0,
,https://doi.org/10.1044/2020_LSHSS-20-00060,,0,0,
,https://doi.org/10.1044/2020_AJSLP-19-00151,,0,0,
,https://doi.org/10.1044/2020_JSLHR-20-00118,,0,0,
,https://doi.org/10.1044/2020_AJSLP-20-00029,,0,0,
,https://doi.org/10.1044/2020_AJSLP-19-00160,,0,0,
,https://doi.org/10.1044/2020_AJSLP-19-00179,,0,0,
,https://doi.org/10.1044/2020_LSHSS-19-00026,,0,0,
,https://doi.org/10.1044/2020_LSHSS-19-00027,,0,0,
,https://doi.org/10.1044/2020_LSHSS-19-00076,,0,0,
,https://doi.org/10.1044/2019_LSHSS-19-00032,,0,0,
,https://doi.org/10.1044/2019_AJSLP-19-0063,,0,0,
,https://doi.org/10.1044/2019_LSHSS-18-0129,,0,0,
,https://doi.org/10.1044/2019_JSLHR-L-RSNP-19-0219,,0,0,
,https://doi.org/10.1007/s10936-019-09652-z,,0,0,
,https://doi.org/10.1044/2019_AJSLP-18-0233,,0,0,
,https://doi.org/10.1044/2019_JSLHR-L-18-0388,,0,0,
,https://doi.org/10.1044/2019_JSLHR-L-19-0025,,0,0,
,https://doi.org/10.1044/2018_JSLHR-L-18-0324,,0,0,
,https://doi.org/10.1044/2018_AJSLP-18-0192,,0,0,
,https://doi.org/10.1044/2018_LSHSS-CCJS-18-0027,,0,0,
,https://doi.org/10.1044/2018_LSHSS-18-0050,,0,0,
,https://doi.org/10.1044/2018_AJSLP-17-0148,,0,0,
,https://doi.org/10.1044/2018_AJSLP-17-0166,,0,0,
,https://doi.org/10.1044/2018_JSLHR-L-17-0421,,0,0,
,https://doi.org/10.1353/csj.2018.0015,,0,0,
,https://doi.org/10.1044/2018_LSHSS-17-0092,,0,0,
,https://doi.org/10.1044/2018_LSHSS-17-0107,,0,0,
,https://doi.org/10.1044/2017_LSHSS-17-0027,,0,0,
,https://doi.org/10.1007/s10648-016-9385-z,,0,0,
,https://doi.org/10.1044/2017_JSLHR-L-17-0185,,0,0,
,https://doi.org/10.1044/2017_LSHSS-16-0070,,0,0,
,https://doi.org/10.1044/2017_JSLHR-L-17-0025,,0,0,
,https://doi.org/10.1044/2017_JSLHR-L-17-0012,,0,0,
,https://doi.org/10.1044/2017_LSHSS-17-0022,,0,0,
,https://doi.org/10.1044/2017_LSHSS-16-0049,,0,0,
,https://doi.org/10.1044/2016_LSHSS-15-0029,,0,0,
,,,0,0,
,https://doi.org/10.1352/1944-7558-121.3.236,,0,0,
,https://doi.org/10.1044/2015_AJSLP-14-0152,,0,0,
,https://doi.org/10.1007/s13394-014-0139-2,,0,0,
,https://doi.org/10.1044/2015_AJSLP-14-0061,,0,0,
,https://doi.org/10.1044/2013_AJSLP-12-0005,,0,0,
,https://doi.org/10.1007/s10459-012-9372-1,,0,0,
,https://doi.org/10.1044/1058-0360(2012/11-0035),,0,0,
,https://doi.org/10.1007/s10643-012-0557-2,,0,0,
,https://doi.org/10.4304/tpls.3.2.285-292,,0,0,
,https://doi.org/10.1044/1058-0360(2012/11-0129),,0,0,
,https://doi.org/10.1044/1058-0360(2012/11-0114),,0,0,
,https://doi.org/10.1044/0161-1461(2011/10-0103),,0,0,
,https://doi.org/10.1007/s10803-010-1168-7,,0,0,
,https://doi.org/10.1044/0161-1461(2011/10-0019,,0,0,
,https://doi.org/10.1044/1092-4388(2010/09-0240),,0,0,
,https://doi.org/10.1044/0161-1461(2009/08-0054),,0,0,
,https://doi.org/10.1177/0265659009349972,,0,0,
,https://doi.org/10.1044/0161-1461(2009/08-0075),,0,0,
,https://doi.org/10.1038/s41593-019-0436-x,,0,0,
,https://doi.org/10.24193/jebp.2017.1.7,,0,0,
,https://doi.org/10.1136/bmjopen-2016-012184,,0,0,
,https://doi.org/10.1558/jircd.v5i2.245,,0,0,
,https://doi.org/10.1007/s11065-012-9208-z,,0,0,
,https://doi.org/10.1521/soco.2012.30.4.431,,0,0,
,https://doi.org/10.1108/09534811211239263,,0,0,
,https://doi.org/10.1521/jsyt.2010.29.3.1,,0,0,
,https://doi.org/10.1044/2015_JSLHR-L-14-0197,,0,0,
,https://doi.org/10.1159/000326911,,0,0,
,https://doi.org/10.1044/2014_LSHSS-13-0081,,0,0,
,https://doi.org/10.2147/PRBM.S209345,,0,0,
,https://doi.org/10.1186/s40594-020-00223-6,,0,0,
,https://doi.org/10.46743/2160-3715/2020.4164,,0,0,
,https://doi.org/10.1525/abt.2011.73.1.3,,0,0,
,https://doi.org/10.7821/naer.2016.7.172,,0,0,
,https://doi.org/10.7202/1039626ar,,0,0,
,https://doi.org/10.1097/00001416-201529030-00005,,0,0,
,https://doi.org/10.1080/15248372.2020.1797749,,0,0,
,https://doi.org/10.1007/s10780-016-9299-1,,0,0,
,,,0,0,
,https://doi.org/10.1080/1554480X.2017.1374186,,0,0,
,https://doi.org/10.1007/s10649-014-9587-6,,0,0,
,https://doi.org/10.1177/1942775117719452,,0,0,
,,,0,0,
,,,0,0,
,,,0,0,
,https://doi.org/10.2466/16.02.PR0.112.2.340-352,,0,0,
,https://doi.org/10.1037/fam0000568,,0,0,
,https://doi.org/10.1111/mono.12121,,0,0,
,https://doi.org/10.1016/j.lindif.2018.08.001,,0,0,
,https://doi.org/10.1111/cdev.13162,,0,0,
,https://doi.org/10.1037/neu0000005,,0,0,
,https://doi.org/10.1080/13573322.2013.765399,,0,0,
,https://doi.org/10.1007/s10643-012-0524-y,,0,0,
,https://doi.org/10.1017/S0305000915000100,,0,0,
,https://doi.org/10.1177/1468798410382354,,0,0,
,https://doi.org/10.1017/S1366728915000577,,0,0,
,https://doi.org/10.1007/s10936-012-9231-5,,0,0,
,https://doi.org/10.1007/s10803-015-2566-7,,0,0,
,https://doi.org/10.1044/2019_JSLHR-L-18-0339,,0,0,
,https://doi.org/10.1080/13540602.2014.928123,,0,0,
,,,0,0,
,https://doi.org/10.5430/wje.v3n4p10,,0,0,
,,,0,0,
,https://doi.org/10.1080/15210960.2019.1659041,,0,0,
,,,0,0,
,https://doi.org/10.1344/der.2016.30.94-105,,0,0,
,https://doi.org/10.1177/1076217512455478,,0,0,
,https://doi.org/10.1007/s40839-018-0069-5,,0,0,
,https://doi.org/10.1177/1476718X17690194,,0,0,
,,,0,0,
,https://doi.org/10.1080/1364436X.2012.742040,,0,0,
,,,0,0,
,https://doi.org/10.6018/ijes/2013/1/152681,,0,0,
,https://doi.org/10.1007/s11145-018-9818-9,,0,0,
,https://doi.org/10.12795/elia.mon.2019.i1.06,,0,0,
,https://doi.org/10.1016/j.ijnurstu.2017.05.010,,0,0,
,https://doi.org/10.1016/j.puhe.2018.07.020,,0,0,
,https://doi.org/10.3389/fpsyg.2018.02531,,0,0,
,https://doi.org/10.3389/fnhum.2021.598800,,0,0,
,https://doi.org/10.4018/ijdldc.2014040104,,0,0,
,https://doi.org/10.1177/1088357609350368,,0,0,
,https://doi.org/10.1007/s10560-012-0285-x,,0,0,
,https://doi.org/10.1111/j.1467-6427.2011.00533.x,,0,0,
,https://doi.org/10.1080/02568543.2011.555494,,0,0,
,https://doi.org/10.1007/s12646-019-00502-5,,0,0,
,https://doi.org/10.1177/1403494810368454,,0,0,
,https://doi.org/10.2196/16317,,0,0,
,https://doi.org/10.1111/cns.12564,,0,0,
,https://doi.org/10.1080/14616734.2019.1575552,,0,0,
,https://doi.org/10.1080/10645578.2011.557627,,0,0,
,https://doi.org/10.1016/j.ecresq.2016.04.005,,0,0,
,https://doi.org/10.1016/j.ijcci.2018.01.003,,0,0,
,,,0,0,
,,,0,0,
,https://doi.org/10.15390/EB.2021.9214,,0,0,
,,,0,0,
,,,0,0,
,https://doi.org/10.1007/s10803-009-0929-7,,0,0,
,https://doi.org/10.1016/j.chiabu.2011.04.004,,0,0,
,https://doi.org/10.1177/0264619609360285,,0,0,
,https://doi.org/10.1017/S0272263112000125,,0,0,
,https://doi.org/10.1017/S0142716409990373,,0,0,
,https://doi.org/10.1177/0265659015620254,,0,0,
,https://doi.org/10.1007/s10803-019-04073-2,,0,0,
,https://doi.org/10.23641/asha.12753578,,0,0,
,https://doi.org/10.1044/0161-1461(2010/09-0088),,0,0,
,https://doi.org/10.1044/2016_AJSLP-15-0058,,0,0,
,https://doi.org/10.1186/s12909-020-02336-6,,0,0,
,https://doi.org/10.1177/0265659009349977,,0,0,
,https://doi.org/10.1044/2020_LSHSS-20-00057,,0,0,
,https://doi.org/10.20360/g2xk5m,,0,0,
,https://doi.org/10.1007/s12160-014-9680-1,,0,0,
,https://doi.org/10.1016/j.neuroimage.2015.07.046,,0,0,
,https://doi.org/10.1007/s11145-009-9192-8,,0,0,
,https://doi.org/10.1017/S0261444810000364,,0,0,
,https://doi.org/10.1080/2331186x.2016.1180737,,0,0,
,,,0,0,
,https://doi.org/10.30958/aje.6-3-3,,0,0,
,https://doi.org/10.1177/0142723715596648,,0,0,
,https://doi.org/10.1177/2043610616631132,,0,0,
,https://doi.org/10.1007/s10583-015-9259-x,,0,0,
,https://doi.org/10.1111/desc.12964,,0,0,
,https://doi.org/10.1037/dev0000821,,0,0,
,https://doi.org/10.1044/0161-1461(2010/10-0023),,0,0,
,https://doi.org/10.1097/tld.0000000000000180,,0,0,
,https://doi.org/10.1177/1362361319831487,,0,0,
,,,0,0,
,,,0,0,
,,,0,0,
,https://doi.org/10.3922/j.psns.2011.3.010,,0,0,
,https://doi.org/10.1027/0227-5910/a000147,,0,0,
,https://doi.org/10.1111/1460-6984.12115,,0,0,
,https://doi.org/10.1016/j.chiabu.2013.06.010,,0,0,
,https://doi.org/10.1080/13648470.2010.526696,,0,0,
,https://doi.org/10.1089/caff.2017.0035,,0,0,
,https://doi.org/10.1002/bsl.2194,,0,0,
,https://doi.org/10.1145/2240156.2240163,,0,0,
,https://doi.org/10.1016/j.chiabu.2018.01.005,,0,0,
,https://doi.org/10.1007/s40688-021-00357-6,,0,0,
,https://doi.org/10.1016/j.childyouth.2020.105800,,0,0,
,https://doi.org/10.1007/s10826-014-9915-6,,0,0,
,https://doi.org/10.1111/1460-6984.12153,,0,0,
,https://doi.org/10.1111/1460-6984.12125,,0,0,
,https://doi.org/10.2174/1570159X16666180828095131,,0,0,
,https://doi.org/10.1177/1534650115573627,,0,0,
,https://doi.org/10.1016/j.chiabu.2018.07.006,,0,0,
,https://doi.org/10.1080/15289168.2021.1915654,,0,0,
,https://doi.org/10.1080/08995605.2020.1842639,,0,0,
,https://doi.org/10.1007/s11136-010-9837-8,,0,0,
,https://doi.org/10.1016/j.jaac.2018.11.002,,0,0,
,https://doi.org/10.1016/j.neuroimage.2020.117599,,0,0,
,https://doi.org/10.15517/ap.v27i115.9278,,0,0,
,https://doi.org/10.1111/j.1369-7625.2011.00674.x,,0,0,
,https://doi.org/10.3922/j.psns.2013.1.12,,0,0,
,https://doi.org/10.3389/fnhum.2020.611291,,0,0,
,https://doi.org/10.1155/2012/105471,,0,0,
,https://doi.org/10.1002/bsl.2183,,0,0,
,https://doi.org/10.1097/DBP.0b013e31828742fc,,0,0,
,,,0,0,
,https://doi.org/10.1017/jsi.2019.7,,0,0,
,https://doi.org/10.1002/car.2391,,0,0,
,https://doi.org/10.1016/j.mhp.2018.09.003,,0,0,
,https://doi.org/10.1007/s11145-020-10043-3,,0,0,
,https://doi.org/10.1007/s10803-010-1060-5,,0,0,
,https://doi.org/10.1044/1058-0360(2010/09-0038),,0,0,
,https://doi.org/10.1044/2018_AJSLP-18-0153,,0,0,
,https://doi.org/10.1044/1058-0360(2011/11-0002),,0,0,
,https://doi.org/10.1017/S0272263114000369,,0,0,
,https://doi.org/10.1044/2019_JSLHR-S-18-0493,,0,0,
,https://doi.org/10.1017/S1366728917000074,,0,0,
,https://doi.org/10.1186/s12888-014-0370-0,,0,0,
,https://doi.org/10.1007/s12152-018-9355-x,,0,0,
,https://doi.org/10.17583/ijep.2016.2075,,0,0,
,https://doi.org/10.1177/0829573512451972,,0,0,
,https://doi.org/10.1044/2020_JSLHR-20-00135,,0,0,
,https://doi.org/10.1007/s10826-015-0224-5,,0,0,
,https://doi.org/10.1007/s10803-010-0938-6,,0,0,
,https://doi.org/10.1515/plc-2017-0007,,0,0,
,https://doi.org/10.1007/s10578-013-0377-7,,0,0,
,https://doi.org/10.1007/s10615-013-0439-0,,0,0,
,https://doi.org/10.1007/s10803-012-1698-2,,0,0,
,https://doi.org/10.1017/S1366728912000788,,0,0,
,https://doi.org/10.1017/S0142716411000865,,0,0,
,https://doi.org/10.1044/2020_LSHSS-20-00134,,0,0,
,https://doi.org/10.1177/001440291007600202,,0,0,
,https://doi.org/10.1016/j.rlfa.2021.02.003,,0,0,
,https://doi.org/10.1016/j.ridd.2017.10.002,,0,0,
,https://doi.org/10.3389/fpsyg.2020.02060,,0,0,
,https://doi.org/10.1016/j.ridd.2021.104116,,0,0,
,https://doi.org/10.1002/jaal.1218,,0,0,
,https://doi.org/10.1080/09687599.2012.732540,,0,0,
,https://doi.org/10.1111/1460-6984.12803,,0,0,
,https://doi.org/10.1007/s10826-021-02086-z,,0,0,
,https://doi.org/10.1007/s10826-023-02534-y,,0,0,
,https://doi.org/10.1177/13623613211018334,,0,0,
,https://doi.org/10.1007/s13187-021-02029-8,,0,0,
,https://doi.org/10.1002/cl2.1368,,0,0,
,https://doi.org/10.1111/jir.12780,,0,0,
,https://doi.org/10.1177/13623613221113501,,0,0,
,https://doi.org/10.1177/02655322221076025,,0,0,
,https://doi.org/10.3102/00346543221130687,,0,0,
,https://doi.org/10.1007/s11195-017-9492-x,,0,0,
,https://doi.org/10.1017/S0954579421000328,,0,0,
,https://doi.org/10.1136/bmjopen-2014-005799,,0,0,
,https://doi.org/10.3390/educsci13121169,,0,0,
,https://doi.org/10.3390/educsci12070446,,0,0,
,https://doi.org/10.6209/JORIES.202306_68(2).0001,,0,0,
,https://doi.org/10.1108/HE-02-2021-0035,,0,0,
,https://doi.org/10.7752/jpes.2023.01003,,0,0,
,https://doi.org/10.1002/rev3.3413,,0,0,
,https://doi.org/10.1111/1460-6984.12601,,0,0,
,,,0,0,
,https://doi.org/10.1037/edu0000564,,0,0,
,https://doi.org/10.1097/TLD.0000000000000326,,0,0,
,https://doi.org/10.1007/s43494-021-00064-0,,0,0,
,https://doi.org/10.1159/000531407,,0,0,
,,,0,0,
